,date,SCAN_N,DEX1,DEX2,rams2x,rams2z,initial_load_volts,initial_load_newtons,initial_screw,final_load_volts,final_load_newtons,final_screw,ome_start_req,ome_end_req,nframes_req,ome_start_real,ome_end_real,nframes_real,step_real,count_time,load_step,MECHTEST_CYCLE_NUM,foil_in,det,junkstart,goodstart,ramsx,ramsz,scan_type
0,2023-11-08 18:49:34,16,18.0,18.0,-1.83105e-07,-0.175,-1,4.19511,-15.0749,-1,3.8818,-15.0749,0,360,1440,-0.000635593,359.944,1441,0.249788,0.25,0,1,0,dexela,,,,,
1,2023-11-08 18:57:26,17,19.0,19.0,-1.83105e-07,-0.125,-1,4.19511,-15.0749,-1,3.8818,-15.0749,0,360,1440,-0.000635593,359.944,1441,0.249788,0.25,0,1,0,dexela,,,,,
2,2023-11-08 19:05:19,18,20.0,20.0,-1.83105e-07,-0.075,-1,4.19511,-15.0749,-1,4.19511,-15.0749,0,360,1440,-0.000635593,359.944,1441,0.249788,0.25,0,1,0,dexela,,,,,
3,2023-11-08 19:13:08,19,21.0,21.0,-1.83105e-07,-0.025,-1,3.8818,-15.0749,-1,4.19511,-15.0749,0,360,1440,-0.000635593,359.944,1441,0.249788,0.25,0,1,0,dexela,,,,,
4,2023-11-08 19:21:00,20,22.0,22.0,-1.83105e-07,0.025,-1,4.19511,-15.0749,-1,4.19511,-15.0749,0,360,1440,-0.000635593,359.944,1441,0.249788,0.25,0,1,0,dexela,,,,,
5,2023-11-08 19:28:49,21,23.0,23.0,-1.83105e-07,0.075,-1,4.19511,-15.0749,-1,4.50842,-15.0749,0,360,1440,-0.000635593,359.944,1441,0.249788,0.25,0,1,0,dexela,,,,,
6,2023-11-08 19:36:37,22,24.0,24.0,-1.83105e-07,0.125,-1,3.8818,-15.0749,-1,4.50842,-15.0749,0,360,1440,-0.000635593,359.944,1441,0.249788,0.25,0,1,0,dexela,,,,,
7,2023-11-08 19:44:26,23,25.0,25.0,-1.83105e-07,0.175,-1,4.19511,-15.0749,-1,3.8818,-15.0749,0,360,1440,-0.000635593,359.944,1441,0.249788,0.25,0,1,0,dexela,,,,,
0,2023-11-08 20:26:38,1,26.0,26.0,-1.83105e-07,-0.175,-1,1.68863,-14.926,-1,0.7487,-14.926,0,360,1440,-0.000635593,359.944,1441,0.249788,0.25,0,1,0,dexela,,,,,
1,2023-11-08 20:34:30,2,27.0,27.0,-1.83105e-07,-0.125,-1,0.7487,-14.926,-1,0.7487,-14.926,0,360,1440,-0.000635593,359.944,1441,0.249788,0.25,0,1,0,dexela,,,,,
2,2023-11-08 20:42:26,3,28.0,28.0,-1.83105e-07,-0.075,-1,1.06201,-14.926,-1,0.7487,-14.926,0,360,1440,-0.000635593,359.944,1441,0.249788,0.25,0,1,0,dexela,,,,,
3,2023-11-08 20:50:13,4,29.0,29.0,-1.83105e-07,-0.025,-1,0.7487,-14.926,-1,0.7487,-14.926,0,360,1440,-0.000635593,359.944,1441,0.249788,0.25,0,1,0,dexela,,,,,
4,2023-11-08 20:58:03,5,30.0,30.0,-1.83105e-07,0.025,-1,1.06201,-14.926,-1,0.7487,-14.926,0,360,1440,-0.000635593,359.944,1441,0.249788,0.25,0,1,0,dexela,,,,,
5,2023-11-08 21:05:55,6,31.0,31.0,-1.83105e-07,0.075,-1,0.7487,-14.926,-1,0.7487,-14.926,0,360,1440,-0.000635593,359.944,1441,0.249788,0.25,0,1,0,dexela,,,,,
6,2023-11-08 21:13:43,7,32.0,32.0,-1.83105e-07,0.125,-1,0.7487,-14.926,-1,0.7487,-14.926,0,360,1440,-0.000635593,359.944,1441,0.249788,0.25,0,1,0,dexela,,,,,
7,2023-11-08 21:21:33,8,33.0,33.0,-1.83105e-07,0.175,-1,0.7487,-14.926,-1,0.7487,-14.926,0,360,1440,-0.000635593,359.944,1441,0.249788,0.25,0,1,0,dexela,,,,,
0,2023-11-08 21:44:01,3,,,,,-1,0.7487,-14.926,-1,0.7487,-14.926,0,10,20,-0.000127119,9.99903,20,0.499958,0.5,0,1,0,retiga,224.0,228.0,-1.83105e-07,0.0,df1
1,2023-11-08 21:53:29,5,,,,,-1,0.7487,-14.926,-1,1.06201,-14.926,0,10,20,-0.000127119,9.99903,20,0.499958,0.5,0,1,0,retiga,267.0,271.0,-1.83105e-07,0.0,df1
2,2023-11-08 21:54:22,6,,,,,-1,1.06201,-14.926,-1,1.06201,-14.926,0,10,20,-0.000127119,9.99903,20,0.499958,0.5,0,1,0,retiga,293.0,297.0,-4.5,0.0,bf1
3,2023-11-08 21:57:55,7,,,,,-1,1.06201,-14.926,-1,1.06201,-14.926,0,360,360,-0.000254237,359.969,360,0.999915,0.5,0,1,0,retiga,319.0,323.0,-1.83105e-07,0.0,tomo
4,2023-11-08 22:00:02,8,,,,,-1,1.06201,-14.926,-1,0.7487,-14.926,0,10,20,-0.000127119,9.99903,20,0.499958,0.5,0,1,0,retiga,685.0,689.0,-1.83105e-07,0.0,df2
5,2023-11-08 22:00:56,9,,,,,-1,1.06201,-14.926,-1,0.7487,-14.926,0,10,20,-0.000127119,9.99903,20,0.499958,0.5,0,1,0,retiga,711.0,715.0,-4.5,0.0,bf2
0,2023-11-08 22:19:58,1,,,,,-1,0.7487,-14.926,-1,0.43539,-14.926,0,90,360,-0.000635593,89.9231,360,0.249788,2.0,0,1,0,retiga,0.0,4.0,-1.83105e-07,-0.1575,
1,2023-11-08 22:32:54,2,,,,,-1,0.43539,-14.926,-1,-1.44447,-14.926,90,180,360,89.9994,179.923,360,0.249788,2.0,0,1,0,retiga,0.0,4.0,-1.83105e-07,-0.1575,
2,2023-11-08 22:45:50,3,,,,,-1,-1.13116,-14.926,-1,-1.44447,-14.926,180,270,360,179.999,269.923,360,0.249788,2.0,0,1,0,retiga,0.0,4.0,-1.83105e-07,-0.1575,
3,2023-11-08 22:58:46,4,,,,,-1,-1.13116,-14.926,-1,0.12208,-14.926,270,360,360,269.999,359.923,360,0.249788,2.0,0,1,0,retiga,0.0,4.0,-1.83105e-07,-0.1575,
4,2023-11-08 23:12:56,5,,,,,-1,0.12208,-14.926,-1,0.12208,-14.926,0,90,360,-0.000635593,89.9231,360,0.249788,2.0,0,1,0,retiga,0.0,4.0,-1.83105e-07,-0.1125,
5,2023-11-08 23:25:52,6,,,,,-1,0.43539,-14.926,-1,-1.13116,-14.926,90,180,360,89.9994,179.923,360,0.249788,2.0,0,1,0,retiga,0.0,4.0,-1.83105e-07,-0.1125,
6,2023-11-08 23:38:48,7,,,,,-1,-1.13116,-14.926,-1,-1.13116,-14.926,180,270,360,179.999,269.923,360,0.249788,2.0,0,1,0,retiga,0.0,4.0,-1.83105e-07,-0.1125,
7,2023-11-08 23:51:43,8,,,,,-1,-1.13116,-14.926,-1,0.43539,-14.926,270,360,360,269.999,359.923,360,0.249788,2.0,0,1,0,retiga,0.0,4.0,-1.83105e-07,-0.1125,
8,2023-11-09 00:05:53,9,,,,,-1,0.43539,-14.926,-1,0.7487,-14.926,0,90,360,-0.000635593,89.9231,360,0.249788,2.0,0,1,0,retiga,0.0,4.0,-1.83105e-07,-0.0675,
9,2023-11-09 00:18:49,10,,,,,-1,0.12208,-14.926,-1,-0.81785,-14.926,90,180,360,89.9994,179.923,360,0.249788,2.0,0,1,0,retiga,0.0,4.0,-1.83105e-07,-0.0675,
10,2023-11-09 00:31:45,11,,,,,-1,-1.13116,-14.926,-1,-1.13116,-14.926,180,270,360,179.999,269.923,360,0.249788,2.0,0,1,0,retiga,0.0,4.0,-1.83105e-07,-0.0675,
11,2023-11-09 00:44:41,12,,,,,-1,-1.44447,-14.926,-1,0.43539,-14.926,270,360,360,269.999,359.923,360,0.249788,2.0,0,1,0,retiga,0.0,4.0,-1.83105e-07,-0.0675,
12,2023-11-09 00:58:51,13,,,,,-1,0.43539,-14.926,-1,0.43539,-14.926,0,90,360,-0.000635593,89.9231,360,0.249788,2.0,0,1,0,retiga,0.0,4.0,-1.83105e-07,-0.0225,
13,2023-11-09 01:11:47,14,,,,,-1,0.7487,-14.926,-1,-1.13116,-14.926,90,180,360,89.9994,179.923,360,0.249788,2.0,0,1,0,retiga,0.0,4.0,-1.83105e-07,-0.0225,
14,2023-11-09 01:24:43,15,,,,,-1,-0.50454,-14.926,-1,-0.81785,-14.926,180,270,360,179.999,269.923,360,0.249788,2.0,0,1,0,retiga,0.0,4.0,-1.83105e-07,-0.0225,
15,2023-11-09 01:37:39,16,,,,,-1,-0.50454,-14.926,-1,0.7487,-14.926,270,360,360,269.999,359.923,360,0.249788,2.0,0,1,0,retiga,0.0,4.0,-1.83105e-07,-0.0225,
16,2023-11-09 01:51:49,17,,,,,-1,0.7487,-14.926,-1,0.7487,-14.926,0,90,360,-0.000635593,89.9231,360,0.249788,2.0,0,1,0,retiga,0.0,4.0,-1.83105e-07,0.0225,
17,2023-11-09 02:04:45,18,,,,,-1,0.7487,-14.926,-1,-0.81785,-14.926,90,180,360,89.9994,179.923,360,0.249788,2.0,0,1,0,retiga,0.0,4.0,-1.83105e-07,0.0225,
18,2023-11-09 02:17:41,19,,,,,-1,-0.81785,-14.926,-1,-0.81785,-14.926,180,270,360,179.999,269.923,360,0.249788,2.0,0,1,0,retiga,0.0,4.0,-1.83105e-07,0.0225,
19,2023-11-09 02:30:37,20,,,,,-1,-0.50454,-14.926,-1,0.7487,-14.926,270,360,360,269.999,359.923,360,0.249788,2.0,0,1,0,retiga,0.0,4.0,-1.83105e-07,0.0225,
20,2023-11-09 02:44:47,21,,,,,-1,0.7487,-14.926,-1,0.7487,-14.926,0,90,360,-0.000635593,89.9231,360,0.249788,2.0,0,1,0,retiga,0.0,4.0,-1.83105e-07,0.0675,
21,2023-11-09 02:57:43,22,,,,,-1,0.43539,-14.926,-1,-0.81785,-14.926,90,180,360,89.9994,179.923,360,0.249788,2.0,0,1,0,retiga,0.0,4.0,-1.83105e-07,0.0675,
22,2023-11-09 03:10:39,23,,,,,-1,-0.50454,-14.926,-1,-0.50454,-14.926,180,270,360,179.999,269.923,360,0.249788,2.0,0,1,0,retiga,0.0,4.0,-1.83105e-07,0.0675,
23,2023-11-09 03:23:35,24,,,,,-1,-0.50454,-14.926,-1,0.7487,-14.926,270,360,360,269.999,359.923,360,0.249788,2.0,0,1,0,retiga,0.0,4.0,-1.83105e-07,0.0675,
24,2023-11-09 03:37:45,25,,,,,-1,1.06201,-14.926,-1,1.06201,-14.926,0,90,360,-0.000635593,89.9231,360,0.249788,2.0,0,1,0,retiga,0.0,4.0,-1.83105e-07,0.1125,
25,2023-11-09 03:50:41,26,,,,,-1,1.06201,-14.926,-1,-0.50454,-14.926,90,180,360,89.9994,179.923,360,0.249788,2.0,0,1,0,retiga,0.0,4.0,-1.83105e-07,0.1125,
26,2023-11-09 04:03:37,27,,,,,-1,-0.50454,-14.926,-1,-0.19123,-14.926,180,270,360,179.999,269.923,360,0.249788,2.0,0,1,0,retiga,0.0,4.0,-1.83105e-07,0.1125,
27,2023-11-09 04:16:33,28,,,,,-1,-0.50454,-14.926,-1,1.06201,-14.926,270,360,360,269.999,359.923,360,0.249788,2.0,0,1,0,retiga,0.0,4.0,-1.83105e-07,0.1125,
28,2023-11-09 04:30:43,29,,,,,-1,0.7487,-14.926,-1,1.06201,-14.926,0,90,360,-0.000635593,89.9231,360,0.249788,2.0,0,1,0,retiga,0.0,4.0,-1.83105e-07,0.1575,
29,2023-11-09 04:43:39,30,,,,,-1,1.06201,-14.926,-1,-0.50454,-14.926,90,180,360,89.9994,179.923,360,0.249788,2.0,0,1,0,retiga,0.0,4.0,-1.83105e-07,0.1575,
30,2023-11-09 04:56:34,31,,,,,-1,-0.50454,-14.926,-1,-0.50454,-14.926,180,270,360,179.999,269.923,360,0.249788,2.0,0,1,0,retiga,0.0,4.0,-1.83105e-07,0.1575,
31,2023-11-09 05:09:30,32,,,,,-1,-0.50454,-14.926,-1,0.7487,-14.926,270,360,360,269.999,359.923,360,0.249788,2.0,0,1,0,retiga,0.0,4.0,-1.83105e-07,0.1575,
0,2023-11-09 10:50:47,3,36.0,36.0,-1.83105e-07,-0.175,-1,2.31525,-14.9252,-1,2.00194,-14.9252,0,360,1440,-0.000635593,359.944,1441,0.249788,0.25,0,1,0,dexela,,,,,
1,2023-11-09 10:58:36,4,37.0,37.0,-1.83105e-07,-0.125,-1,2.00194,-14.9252,-1,1.68863,-14.9252,0,360,1440,-0.000635593,359.944,1441,0.249788,0.25,0,1,0,dexela,,,,,
2,2023-11-09 11:06:25,5,38.0,38.0,-1.83105e-07,-0.075,-1,2.31525,-14.9252,-1,1.68863,-14.9252,0,360,1440,-0.000635593,359.944,1441,0.249788,0.25,0,1,0,dexela,,,,,
3,2023-11-09 11:14:21,6,39.0,39.0,-1.83105e-07,-0.025,-1,2.00194,-14.9252,-1,2.00194,-14.9252,0,360,1440,-0.000635593,359.944,1441,0.249788,0.25,0,1,0,dexela,,,,,
4,2023-11-09 11:22:16,7,40.0,40.0,-1.83105e-07,0.025,-1,2.31525,-14.9252,-1,2.31525,-14.9252,0,360,1440,-0.000635593,359.944,1441,0.249788,0.25,0,1,0,dexela,,,,,
5,2023-11-09 11:30:04,8,41.0,41.0,-1.83105e-07,0.075,-1,2.31525,-14.9252,-1,1.68863,-14.9252,0,360,1440,-0.000635593,359.944,1441,0.249788,0.25,0,1,0,dexela,,,,,
6,2023-11-09 11:38:00,9,42.0,42.0,-1.83105e-07,0.125,-1,2.00194,-14.9252,-1,2.00194,-14.9252,0,360,1440,-0.000635593,359.944,1441,0.249788,0.25,0,1,0,dexela,,,,,
7,2023-11-09 11:53:36,11,44.0,44.0,-1.83105e-07,0.175,-1,2.00194,-14.9252,-1,2.00194,-14.9252,0,360,1440,-0.000635593,359.944,1441,0.249788,0.25,0,1,0,dexela,,,,,
8,2023-11-09 12:50:00,13,46.0,46.0,-1.83105e-07,-0.175,-1,10.7746,-14.9199,-1,10.148,-14.9199,0,360,1440,-0.000635593,359.944,1441,0.249788,0.25,0,1,0,dexela,,,,,
9,2023-11-09 12:57:51,14,47.0,47.0,-1.83105e-07,-0.125,-1,10.148,-14.9199,-1,9.52138,-14.9199,0,360,1440,-0.000635593,359.944,1441,0.249788,0.25,0,1,0,dexela,,,,,
10,2023-11-09 13:05:47,15,48.0,48.0,-1.83105e-07,-0.075,-1,9.52138,-14.9199,-1,9.20807,-14.9199,0,360,1440,-0.000635593,359.944,1441,0.249788,0.25,0,1,0,dexela,,,,,
11,2023-11-09 13:13:37,16,49.0,49.0,-1.83105e-07,-0.025,-1,9.20807,-14.9199,-1,9.20807,-14.9199,0,360,1440,-0.000635593,359.944,1441,0.249788,0.25,0,1,0,dexela,,,,,
12,2023-11-09 13:21:29,17,50.0,50.0,-1.83105e-07,0.025,-1,9.52138,-14.9199,-1,8.89476,-14.9199,0,360,1440,-0.000635593,359.944,1441,0.249788,0.25,0,1,0,dexela,,,,,
13,2023-11-09 14:01:39,19,52.0,52.0,-1.83105e-07,0.075,-1,9.20807,-14.9199,-1,8.89476,-14.9199,0,360,1440,-0.000635593,359.944,1441,0.249788,0.25,0,1,0,dexela,,,,,
14,2023-11-09 14:09:28,20,53.0,53.0,-1.83105e-07,0.125,-1,9.20807,-14.9199,-1,9.20807,-14.9199,0,360,1440,-0.000635593,359.944,1441,0.249788,0.25,0,1,0,dexela,,,,,
15,2023-11-09 14:17:22,21,54.0,54.0,-1.83105e-07,0.175,-1,9.20807,-14.9199,-1,8.89476,-14.9199,0,360,1440,-0.000635593,359.944,1441,0.249788,0.25,0,1,0,dexela,,,,,
16,2023-11-09 14:46:18,23,56.0,56.0,-1.83105e-07,-0.175,-1,28.9466,-14.9086,-1,27.3801,-14.9086,0,360,1440,-0.000635593,359.944,1441,0.249788,0.25,0,1,0,dexela,,,,,
17,2023-11-09 14:54:07,24,57.0,57.0,-1.83105e-07,-0.125,-1,27.6934,-14.9086,-1,27.3801,-14.9086,0,360,1440,-0.000635593,359.944,1441,0.249788,0.25,0,1,0,dexela,,,,,
18,2023-11-09 15:02:02,25,58.0,58.0,-1.83105e-07,-0.075,-1,27.3801,-14.9086,-1,27.0667,-14.9086,0,360,1440,-0.000635593,359.944,1441,0.249788,0.25,0,1,0,dexela,,,,,
19,2023-11-09 15:09:58,26,59.0,59.0,-1.83105e-07,-0.025,-1,27.3801,-14.9086,-1,27.3801,-14.9086,0,360,1440,-0.000635593,359.944,1441,0.249788,0.25,0,1,0,dexela,,,,,
20,2023-11-09 15:17:45,27,60.0,60.0,-1.83105e-07,0.025,-1,27.0667,-14.9086,-1,27.3801,-14.9086,0,360,1440,-0.000635593,359.944,1441,0.249788,0.25,0,1,0,dexela,,,,,
21,2023-11-09 15:25:33,28,61.0,61.0,-1.83105e-07,0.075,-1,27.0667,-14.9086,-1,26.7534,-14.9086,0,360,1440,-0.000635593,359.944,1441,0.249788,0.25,0,1,0,dexela,,,,,
22,2023-11-09 15:33:26,29,62.0,62.0,-1.83105e-07,0.125,-1,27.3801,-14.9086,-1,26.7534,-14.9086,0,360,1440,-0.000635593,359.944,1441,0.249788,0.25,0,1,0,dexela,,,,,
23,2023-11-09 15:41:16,30,63.0,63.0,-1.83105e-07,0.175,-1,27.0667,-14.9086,-1,27.0667,-14.9086,0,360,1440,-0.000635593,359.944,1441,0.249788,0.25,0,1,0,dexela,,,,,
24,2023-11-09 16:07:11,32,65.0,65.0,-1.83105e-07,-0.175,-1,51.5049,-14.8907,-1,50.565,-14.8907,0,360,1440,-0.000635593,359.944,1441,0.249788,0.25,0,1,0,dexela,,,,,
25,2023-11-09 16:15:02,33,66.0,66.0,-1.83105e-07,-0.125,-1,50.565,-14.8907,-1,50.2517,-14.8907,0,360,1440,-0.000635593,359.944,1441,0.249788,0.25,0,1,0,dexela,,,,,
26,2023-11-09 16:22:51,34,67.0,67.0,-1.83105e-07,-0.075,-1,50.565,-14.8907,-1,50.2517,-14.8907,0,360,1440,-0.000635593,359.944,1441,0.249788,0.25,0,1,0,dexela,,,,,
27,2023-11-09 16:30:44,35,68.0,68.0,-1.83105e-07,-0.025,-1,50.2517,-14.8907,-1,50.2517,-14.8907,0,360,1440,-0.000635593,359.944,1441,0.249788,0.25,0,1,0,dexela,,,,,
28,2023-11-09 16:38:31,36,69.0,69.0,-1.83105e-07,0.025,-1,50.565,-14.8907,-1,50.565,-14.8907,0,360,1440,-0.000635593,359.944,1441,0.249788,0.25,0,1,0,dexela,,,,,
29,2023-11-09 16:46:19,37,70.0,70.0,-1.83105e-07,0.075,-1,50.2517,-14.8907,-1,50.565,-14.8907,0,360,1440,-0.000635593,359.944,1441,0.249788,0.25,0,1,0,dexela,,,,,
30,2023-11-09 16:54:09,38,71.0,71.0,-1.83105e-07,0.125,-1,50.565,-14.8907,-1,50.565,-14.8907,0,360,1440,-0.000635593,359.944,1441,0.249788,0.25,0,1,0,dexela,,,,,
31,2023-11-09 17:01:59,39,72.0,72.0,-1.83105e-07,0.175,-1,50.2517,-14.8907,-1,50.2517,-14.8907,0,360,1440,-0.000635593,359.944,1441,0.249788,0.25,0,1,0,dexela,,,,,
32,2023-11-09 17:26:34,41,74.0,74.0,-1.83105e-07,-0.175,-1,71.5568,-14.8708,-1,70.6168,-14.8708,0,360,1440,-0.000635593,359.944,1441,0.249788,0.25,0,1,0,dexela,,,,,
33,2023-11-09 17:34:27,42,75.0,75.0,-1.83105e-07,-0.125,-1,70.6168,-14.8708,-1,70.3035,-14.8708,0,360,1440,-0.000635593,359.944,1441,0.249788,0.25,0,1,0,dexela,,,,,
34,2023-11-09 17:42:22,43,76.0,76.0,-1.83105e-07,-0.075,-1,70.6168,-14.8708,-1,70.3035,-14.8708,0,360,1440,-0.000635593,359.944,1441,0.249788,0.25,0,1,0,dexela,,,,,
35,2023-11-09 17:50:13,44,77.0,77.0,-1.83105e-07,-0.025,-1,70.3035,-14.8708,-1,69.9902,-14.8708,0,360,1440,-0.000635593,359.944,1441,0.249788,0.25,0,1,0,dexela,,,,,
36,2023-11-09 17:58:02,45,78.0,78.0,-1.83105e-07,0.025,-1,69.9902,-14.8708,-1,69.6769,-14.8708,0,360,1440,-0.000635593,359.944,1441,0.249788,0.25,0,1,0,dexela,,,,,
37,2023-11-09 18:05:59,46,79.0,79.0,-1.83105e-07,0.075,-1,70.3035,-14.8708,-1,69.6769,-14.8708,0,360,1440,-0.000635593,359.944,1441,0.249788,0.25,0,1,0,dexela,,,,,
38,2023-11-09 18:13:50,47,80.0,80.0,-1.83105e-07,0.125,-1,69.9902,-14.8708,-1,69.6769,-14.8708,0,360,1440,-0.000635593,359.944,1441,0.249788,0.25,0,1,0,dexela,,,,,
39,2023-11-09 18:21:38,48,81.0,81.0,-1.83105e-07,0.175,-1,69.6769,-14.8708,-1,69.6769,-14.8708,0,360,1440,-0.000635593,359.944,1441,0.249788,0.25,0,1,0,dexela,,,,,
40,2023-11-09 18:49:07,50,83.0,83.0,-1.83105e-07,-0.175,-1,81.5827,-14.8499,-1,80.3294,-14.8499,0,360,1440,-0.000635593,359.944,1441,0.249788,0.25,0,1,0,dexela,,,,,
41,2023-11-09 18:56:57,51,84.0,84.0,-1.83105e-07,-0.125,-1,80.6428,-14.8499,-1,80.3294,-14.8499,0,360,1440,-0.000635593,359.944,1441,0.249788,0.25,0,1,0,dexela,,,,,
42,2023-11-09 19:04:48,52,85.0,85.0,-1.83105e-07,-0.075,-1,80.6428,-14.8499,-1,80.3294,-14.8499,0,360,1440,-0.000635593,359.944,1441,0.249788,0.25,0,1,0,dexela,,,,,
43,2023-11-09 19:12:37,53,86.0,86.0,-1.83105e-07,-0.025,-1,80.0161,-14.8499,-1,80.0161,-14.8499,0,360,1440,-0.000635593,359.944,1441,0.249788,0.25,0,1,0,dexela,,,,,
44,2023-11-09 19:20:27,54,87.0,87.0,-1.83105e-07,0.025,-1,80.0161,-14.8499,-1,79.7028,-14.8499,0,360,1440,-0.000635593,359.944,1441,0.249788,0.25,0,1,0,dexela,,,,,
45,2023-11-09 19:28:20,55,88.0,88.0,-1.83105e-07,0.075,-1,79.7028,-14.8499,-1,79.7028,-14.8499,0,360,1440,-0.000635593,359.944,1441,0.249788,0.25,0,1,0,dexela,,,,,
46,2023-11-09 19:36:14,56,89.0,89.0,-1.83105e-07,0.125,-1,79.7028,-14.8499,-1,79.3895,-14.8499,0,360,1440,-0.000635593,359.944,1441,0.249788,0.25,0,1,0,dexela,,,,,
47,2023-11-09 19:44:05,57,90.0,90.0,-1.83105e-07,0.175,-1,79.3895,-14.8499,-1,79.3895,-14.8499,0,360,1440,-0.000635593,359.944,1441,0.249788,0.25,0,1,0,dexela,,,,,
48,2023-11-09 20:06:59,59,92.0,92.0,-1.83105e-07,-0.175,-1,87.2223,-14.831,-1,86.5956,-14.831,0,360,1440,-0.000635593,359.944,1441,0.249788,0.25,0,1,0,dexela,,,,,
49,2023-11-09 20:14:55,60,93.0,93.0,-1.83105e-07,-0.125,-1,86.5956,-14.831,-1,86.2823,-14.831,0,360,1440,-0.000635593,359.944,1441,0.249788,0.25,0,1,0,dexela,,,,,
50,2023-11-09 20:22:47,61,94.0,94.0,-1.83105e-07,-0.075,-1,86.2823,-14.831,-1,85.6557,-14.831,0,360,1440,-0.000635593,359.944,1441,0.249788,0.25,0,1,0,dexela,,,,,
51,2023-11-09 20:30:54,62,95.0,95.0,-1.83105e-07,-0.025,-1,85.969,-14.831,-1,85.6557,-14.831,0,360,1440,-0.000635593,359.944,1441,0.249788,0.25,0,1,0,dexela,,,,,
52,2023-11-09 20:38:41,63,96.0,96.0,-1.83105e-07,0.025,-1,85.6557,-14.831,-1,85.6557,-14.831,0,360,1440,-0.000635593,359.944,1441,0.249788,0.25,0,1,0,dexela,,,,,
53,2023-11-09 20:46:32,64,97.0,97.0,-1.83105e-07,0.075,-1,85.3424,-14.831,-1,85.0291,-14.831,0,360,1440,-0.000635593,359.944,1441,0.249788,0.25,0,1,0,dexela,,,,,
54,2023-11-09 21:02:05,66,99.0,99.0,-1.83105e-07,0.125,-1,85.3424,-14.831,-1,85.0291,-14.831,0,360,1440,-0.000635593,359.944,1441,0.249788,0.25,0,1,0,dexela,,,,,
55,2023-11-09 21:09:53,67,100.0,100.0,-1.83105e-07,0.175,-1,84.7158,-14.831,-1,84.7158,-14.831,0,360,1440,-0.000635593,359.944,1441,0.249788,0.25,0,1,0,dexela,,,,,
0,2023-11-10 02:39:28,2,,,,,-1,0.12208,-15.0051,-1,0.43539,-15.0051,0,10,20,-0.000127119,9.99903,20,0.499958,0.5,0,1,0,retiga,12552.0,12556.0,-1.83105e-07,0.0,df1
1,2023-11-10 02:41:08,4,,,,,-1,0.12208,-15.0051,-1,0.12208,-15.0051,0,10,20,-0.000127119,9.99903,20,0.499958,0.5,0,1,0,retiga,12578.0,12582.0,-1.83105e-07,0.0,df1
2,2023-11-10 02:42:01,5,,,,,-1,0.43539,-15.0051,-1,0.12208,-15.0051,0,10,20,-0.000127119,9.99903,20,0.499958,0.5,0,1,0,retiga,12604.0,12608.0,-4.5,0.0,bf1
3,2023-11-10 02:45:35,6,,,,,-1,0.43539,-15.0051,-1,0.12208,-15.0051,0,360,360,-0.000254237,359.969,360,0.999915,0.5,0,1,0,retiga,12630.0,12634.0,-1.83105e-07,0.0,tomo
4,2023-11-10 02:47:33,7,,,,,-1,0.12208,-15.0051,-1,0.43539,-15.0051,0,10,20,-0.000127119,9.99903,20,0.499958,0.5,0,1,0,retiga,12996.0,13000.0,-1.83105e-07,0.0,df2
5,2023-11-10 02:48:27,8,,,,,-1,0.43539,-15.0051,-1,0.43539,-15.0051,0,10,20,-0.000127119,9.99903,20,0.499958,0.5,0,1,0,retiga,13022.0,13026.0,-4.5,0.0,bf2
0,2023-11-10 03:01:55,1,,,,,-1,0.12208,-15.0051,-1,0.7487,-15.0051,0,90,360,-0.000635593,89.9231,360,0.249788,2.0,0,1,0,retiga,13048.0,13052.0,-1.83105e-07,-0.3325,
1,2023-11-10 03:14:51,2,,,,,-1,0.7487,-15.0051,-1,-0.50454,-15.0051,90,180,360,89.9994,179.923,360,0.249788,2.0,0,1,0,retiga,13414.0,13418.0,-1.83105e-07,-0.3325,
2,2023-11-10 03:27:47,3,,,,,-1,-0.81785,-15.0051,-1,-0.50454,-15.0051,180,270,360,179.999,269.923,360,0.249788,2.0,0,1,0,retiga,13780.0,13784.0,-1.83105e-07,-0.3325,
3,2023-11-10 03:40:43,4,,,,,-1,-1.13116,-15.0051,-1,-0.50454,-15.0051,270,360,360,269.999,359.923,360,0.249788,2.0,0,1,0,retiga,14146.0,14150.0,-1.83105e-07,-0.3325,
4,2023-11-10 03:54:54,5,,,,,-1,-0.50454,-15.0051,-1,0.7487,-15.0051,0,90,360,-0.000635593,89.9231,360,0.249788,2.0,0,1,0,retiga,14511.0,14515.0,-1.83105e-07,-0.2375,
5,2023-11-10 04:07:50,6,,,,,-1,0.7487,-15.0051,-1,-0.50454,-15.0051,90,180,360,89.9994,179.923,360,0.249788,2.0,0,1,0,retiga,14877.0,14881.0,-1.83105e-07,-0.2375,
6,2023-11-10 04:20:45,7,,,,,-1,-0.50454,-15.0051,-1,-0.81785,-15.0051,180,270,360,179.999,269.923,360,0.249788,2.0,0,1,0,retiga,15243.0,15247.0,-1.83105e-07,-0.2375,
7,2023-11-10 04:33:41,8,,,,,-1,-0.50454,-15.0051,-1,-0.19123,-15.0051,270,360,360,269.999,359.923,360,0.249788,2.0,0,1,0,retiga,15609.0,15613.0,-1.83105e-07,-0.2375,
8,2023-11-10 04:47:52,9,,,,,-1,-0.19123,-15.0051,-1,1.37532,-15.0051,0,90,360,-0.000635593,89.9231,360,0.249788,2.0,0,1,0,retiga,15975.0,15979.0,-1.83105e-07,-0.1425,
9,2023-11-10 05:00:48,10,,,,,-1,1.37532,-15.0051,-1,-0.50454,-15.0051,90,180,360,89.9994,179.923,360,0.249788,2.0,0,1,0,retiga,16341.0,16345.0,-1.83105e-07,-0.1425,
10,2023-11-10 05:13:44,11,,,,,-1,0.12208,-15.0051,-1,-0.50454,-15.0051,180,270,360,179.999,269.923,360,0.249788,2.0,0,1,0,retiga,16707.0,16711.0,-1.83105e-07,-0.1425,
11,2023-11-10 05:26:40,12,,,,,-1,-0.50454,-15.0051,-1,0.12208,-15.0051,270,360,360,269.999,359.923,360,0.249788,2.0,0,1,0,retiga,17073.0,17077.0,-1.83105e-07,-0.1425,
12,2023-11-10 05:40:50,13,,,,,-1,0.43539,-15.0051,-1,1.37532,-15.0051,0,90,360,-0.000635593,89.9231,360,0.249788,2.0,0,1,0,retiga,17439.0,17443.0,-1.83105e-07,-0.0475,
13,2023-11-10 05:53:46,14,,,,,-1,1.68863,-15.0051,-1,0.12208,-15.0051,90,180,360,89.9994,179.923,360,0.249788,2.0,0,1,0,retiga,17805.0,17809.0,-1.83105e-07,-0.0475,
14,2023-11-10 06:06:42,15,,,,,-1,0.12208,-15.0051,-1,0.43539,-15.0051,180,270,360,179.999,269.923,360,0.249788,2.0,0,1,0,retiga,18171.0,18175.0,-1.83105e-07,-0.0475,
15,2023-11-10 06:19:38,16,,,,,-1,0.12208,-15.0051,-1,0.12208,-15.0051,270,360,360,269.999,359.923,360,0.249788,2.0,0,1,0,retiga,18537.0,18541.0,-1.83105e-07,-0.0475,
16,2023-11-10 06:33:48,17,,,,,-1,0.43539,-15.0051,-1,1.68863,-15.0051,0,90,360,-0.000635593,89.9231,360,0.249788,2.0,0,1,0,retiga,18903.0,18907.0,-1.83105e-07,0.0475,
17,2023-11-10 06:46:44,18,,,,,-1,1.68863,-15.0051,-1,0.7487,-15.0051,90,180,360,89.9994,179.923,360,0.249788,2.0,0,1,0,retiga,19269.0,19273.0,-1.83105e-07,0.0475,
18,2023-11-10 06:59:40,19,,,,,-1,0.43539,-15.0051,-1,0.43539,-15.0051,180,270,360,179.999,269.923,360,0.249788,2.0,0,1,0,retiga,19635.0,19639.0,-1.83105e-07,0.0475,
19,2023-11-10 07:12:36,20,,,,,-1,0.43539,-15.0051,-1,0.7487,-15.0051,270,360,360,269.999,359.923,360,0.249788,2.0,0,1,0,retiga,20001.0,20005.0,-1.83105e-07,0.0475,
20,2023-11-10 07:26:46,21,,,,,-1,1.06201,-15.0051,-1,2.00194,-15.0051,0,90,360,-0.000635593,89.9231,360,0.249788,2.0,0,1,0,retiga,20367.0,20371.0,-1.83105e-07,0.1425,
21,2023-11-10 07:39:42,22,,,,,-1,2.00194,-15.0051,-1,0.43539,-15.0051,90,180,360,89.9994,179.923,360,0.249788,2.0,0,1,0,retiga,20733.0,20737.0,-1.83105e-07,0.1425,
22,2023-11-10 07:52:38,23,,,,,-1,0.7487,-15.0051,-1,0.43539,-15.0051,180,270,360,179.999,269.923,360,0.249788,2.0,0,1,0,retiga,21099.0,21103.0,-1.83105e-07,0.1425,
23,2023-11-10 08:05:34,24,,,,,-1,0.12208,-15.0051,-1,0.43539,-15.0051,270,360,360,269.999,359.923,360,0.249788,2.0,0,1,0,retiga,21465.0,21469.0,-1.83105e-07,0.1425,
24,2023-11-10 08:19:45,25,,,,,-1,0.7487,-15.0051,-1,2.00194,-15.0051,0,90,360,-0.000635593,89.9231,360,0.249788,2.0,0,1,0,retiga,21831.0,21835.0,-1.83105e-07,0.2375,
25,2023-11-10 08:32:41,26,,,,,-1,2.00194,-15.0051,-1,0.43539,-15.0051,90,180,360,89.9994,179.923,360,0.249788,2.0,0,1,0,retiga,22197.0,22201.0,-1.83105e-07,0.2375,
26,2023-11-10 08:45:37,27,,,,,-1,0.43539,-15.0051,-1,0.43539,-15.0051,180,270,360,179.999,269.923,360,0.249788,2.0,0,1,0,retiga,22563.0,22567.0,-1.83105e-07,0.2375,
27,2023-11-10 08:58:33,28,,,,,-1,0.12208,-15.0051,-1,0.7487,-15.0051,270,360,360,269.999,359.923,360,0.249788,2.0,0,1,0,retiga,22929.0,22933.0,-1.83105e-07,0.2375,
28,2023-11-10 09:12:43,29,,,,,-1,0.43539,-15.0051,-1,2.00194,-15.0051,0,90,360,-0.000635593,89.9231,360,0.249788,2.0,0,1,0,retiga,23295.0,23299.0,-1.83105e-07,0.3325,
29,2023-11-10 09:25:39,30,,,,,-1,2.00194,-15.0051,-1,1.06201,-15.0051,90,180,360,89.9994,179.923,360,0.249788,2.0,0,1,0,retiga,23661.0,23665.0,-1.83105e-07,0.3325,
30,2023-11-10 09:38:34,31,,,,,-1,0.7487,-15.0051,-1,0.7487,-15.0051,180,270,360,179.999,269.923,360,0.249788,2.0,0,1,0,retiga,24027.0,24031.0,-1.83105e-07,0.3325,
31,2023-11-10 09:51:30,32,,,,,-1,0.7487,-15.0051,-1,0.7487,-15.0051,270,360,360,269.999,359.923,360,0.249788,2.0,0,1,0,retiga,24393.0,24397.0,-1.83105e-07,0.3325,
0,2023-11-10 10:00:55,1,112.0,112.0,-1.83105e-07,-0.35,-1,0.12208,-15.0051,-1,1.06201,-15.0051,0,360,1440,-0.000635593,359.944,1441,0.249788,0.25,0,1,0,dexela,,,,,
1,2023-11-10 10:08:37,2,113.0,113.0,-1.83105e-07,-0.25,-1,0.7487,-15.0051,-1,0.7487,-15.0051,0,360,1440,-0.000635593,359.944,1441,0.249788,0.25,0,1,0,dexela,,,,,
2,2023-11-10 10:16:23,3,114.0,114.0,-1.83105e-07,-0.15,-1,0.7487,-15.0051,-1,1.06201,-15.0051,0,360,1440,-0.000635593,359.944,1441,0.249788,0.25,0,1,0,dexela,,,,,
3,2023-11-10 10:24:06,4,115.0,115.0,-1.83105e-07,-0.05,-1,1.06201,-15.0051,-1,1.06201,-15.0051,0,360,1440,-0.000635593,359.944,1441,0.249788,0.25,0,1,0,dexela,,,,,
4,2023-11-10 10:31:55,5,116.0,116.0,-1.83105e-07,0.05,-1,1.06201,-15.0051,-1,1.37532,-15.0051,0,360,1440,-0.000635593,359.944,1441,0.249788,0.25,0,1,0,dexela,,,,,
5,2023-11-10 10:39:42,6,117.0,117.0,-1.83105e-07,0.15,-1,1.37532,-15.0051,-1,1.68863,-15.0051,0,360,1440,-0.000635593,359.944,1441,0.249788,0.25,0,1,0,dexela,,,,,
6,2023-11-10 10:47:25,7,118.0,118.0,-1.83105e-07,0.25,-1,1.68863,-15.0051,-1,1.37532,-15.0051,0,360,1440,-0.000635593,359.944,1441,0.249788,0.25,0,1,0,dexela,,,,,
7,2023-11-10 10:55:12,8,119.0,119.0,-1.83105e-07,0.35,-1,1.37532,-15.0051,-1,1.37532,-15.0051,0,360,1440,-0.000635593,359.944,1441,0.249788,0.25,0,1,0,dexela,,,,,
0,2023-11-10 12:08:27,7,124.0,124.0,-1.83105e-07,-0.35,-1,-32.7755,-15.0297,-1,-33.0888,-15.0297,0,360,1440,-0.000635593,359.944,1441,0.249788,0.25,0,1,0,dexela,,,,,
1,2023-11-10 12:16:14,8,125.0,125.0,-1.83105e-07,-0.25,-1,-33.4021,-15.0297,-1,-33.0888,-15.0297,0,360,1440,-0.000635593,359.944,1441,0.249788,0.25,0,1,0,dexela,,,,,
2,2023-11-10 12:24:04,9,126.0,126.0,-1.83105e-07,-0.15,-1,-32.7755,-15.0297,-1,-32.4622,-15.0297,0,360,1440,-0.000635593,359.944,1441,0.249788,0.25,0,1,0,dexela,,,,,
3,2023-11-10 12:31:51,10,127.0,127.0,-1.83105e-07,-0.05,-1,-32.4622,-15.0297,-1,-32.7755,-15.0297,0,360,1440,-0.000635593,359.944,1441,0.249788,0.25,0,1,0,dexela,,,,,
4,2023-11-10 12:39:38,11,128.0,128.0,-1.83105e-07,0.05,-1,-32.1489,-15.0297,-1,-32.4622,-15.0297,0,360,1440,-0.000635593,359.944,1441,0.249788,0.25,0,1,0,dexela,,,,,
5,2023-11-10 12:47:21,12,129.0,129.0,-1.83105e-07,0.15,-1,-32.4622,-15.0297,-1,-32.1489,-15.0297,0,360,1440,-0.000635593,359.944,1441,0.249788,0.25,0,1,0,dexela,,,,,
6,2023-11-10 12:55:07,13,130.0,130.0,-1.83105e-07,0.25,-1,-32.1489,-15.0297,-1,-32.4622,-15.0297,0,360,1440,-0.000635593,359.944,1441,0.249788,0.25,0,1,0,dexela,,,,,
7,2023-11-10 13:02:55,14,131.0,131.0,-1.83105e-07,0.35,-1,-32.1489,-15.0297,-1,-32.1489,-15.0297,0,360,1440,-0.000635593,359.944,1441,0.249788,0.25,0,1,0,dexela,,,,,
8,2023-11-10 13:10:45,15,132.0,132.0,-1.83105e-07,-0.35,-1,-32.7755,-15.0297,-1,-32.7755,-15.0297,0,360,1440,-0.000635593,359.944,1441,0.249788,0.25,0,1,0,dexela,,,,,
9,2023-11-10 13:18:30,16,133.0,133.0,-1.83105e-07,-0.25,-1,-32.7755,-15.0297,-1,-32.7755,-15.0297,0,360,1440,-0.000635593,359.944,1441,0.249788,0.25,0,1,0,dexela,,,,,
10,2023-11-10 13:26:14,17,134.0,134.0,-1.83105e-07,-0.15,-1,-32.7755,-15.0297,-1,-32.4622,-15.0297,0,360,1440,-0.000635593,359.944,1441,0.249788,0.25,0,1,0,dexela,,,,,
11,2023-11-10 13:34:02,18,135.0,135.0,-1.83105e-07,-0.05,-1,-32.4622,-15.0297,-1,-32.4622,-15.0297,0,360,1440,-0.000635593,359.944,1441,0.249788,0.25,0,1,0,dexela,,,,,
12,2023-11-10 13:41:47,19,136.0,136.0,-1.83105e-07,0.05,-1,-32.1489,-15.0297,-1,-32.1489,-15.0297,0,360,1440,-0.000635593,359.944,1441,0.249788,0.25,0,1,0,dexela,,,,,
13,2023-11-10 13:49:30,20,137.0,137.0,-1.83105e-07,0.15,-1,-32.1489,-15.0297,-1,-31.8355,-15.0297,0,360,1440,-0.000635593,359.944,1441,0.249788,0.25,0,1,0,dexela,,,,,
14,2023-11-10 13:57:18,21,138.0,138.0,-1.83105e-07,0.25,-1,-32.1489,-15.0297,-1,-32.1489,-15.0297,0,360,1440,-0.000635593,359.944,1441,0.249788,0.25,0,1,0,dexela,,,,,
15,2023-11-10 14:05:02,22,139.0,139.0,-1.83105e-07,0.35,-1,-32.1489,-15.0297,-1,-32.1489,-15.0297,0,360,1440,-0.000635593,359.944,1441,0.249788,0.25,0,1,0,dexela,,,,,
16,2023-11-10 14:34:28,25,142.0,142.0,-1.83105e-07,-0.35,-1,-35.282,-15.0356,-1,-34.6553,-15.0356,0,360,1440,-0.000635593,359.944,1441,0.249788,0.25,0,1,0,dexela,,,,,
17,2023-11-10 14:42:08,26,143.0,143.0,-1.83105e-07,-0.25,-1,-34.9686,-15.0356,-1,-34.6553,-15.0356,0,360,1440,-0.000635593,359.944,1441,0.249788,0.25,0,1,0,dexela,,,,,
18,2023-11-10 14:49:56,27,144.0,144.0,-1.83105e-07,-0.15,-1,-34.6553,-15.0356,-1,-34.342,-15.0356,0,360,1440,-0.000635593,359.944,1441,0.249788,0.25,0,1,0,dexela,,,,,
19,2023-11-10 14:57:42,28,145.0,145.0,-1.83105e-07,-0.05,-1,-34.6553,-15.0356,-1,-34.6553,-15.0356,0,360,1440,-0.000635593,359.944,1441,0.249788,0.25,0,1,0,dexela,,,,,
20,2023-11-10 15:05:26,29,146.0,146.0,-1.83105e-07,0.05,-1,-34.0287,-15.0356,-1,-34.342,-15.0356,0,360,1440,-0.000635593,359.944,1441,0.249788,0.25,0,1,0,dexela,,,,,
21,2023-11-10 15:13:08,30,147.0,147.0,-1.83105e-07,0.15,-1,-34.0287,-15.0356,-1,-34.342,-15.0356,0,360,1440,-0.000635593,359.944,1441,0.249788,0.25,0,1,0,dexela,,,,,
22,2023-11-10 15:20:51,31,148.0,148.0,-1.83105e-07,0.25,-1,-33.7154,-15.0356,-1,-33.7154,-15.0356,0,360,1440,-0.000635593,359.944,1441,0.249788,0.25,0,1,0,dexela,,,,,
23,2023-11-10 19:52:14,33,150.0,150.0,-1.83105e-07,-0.35,-1,-34.6553,-15.0356,-1,-33.4021,-15.0356,0,360,1440,-0.000635593,359.944,1441,0.249788,0.25,0,1,0,dexela,,,,,
24,2023-11-10 19:59:59,34,151.0,151.0,-1.83105e-07,-0.25,-1,-33.4021,-15.0356,-1,-33.4021,-15.0356,0,360,1440,-0.000635593,359.944,1441,0.249788,0.25,0,1,0,dexela,,,,,
25,2023-11-10 20:07:40,35,152.0,152.0,-1.83105e-07,-0.15,-1,-33.0888,-15.0356,-1,-33.0888,-15.0356,0,360,1440,-0.000635593,359.944,1441,0.249788,0.25,0,1,0,dexela,,,,,
26,2023-11-10 20:15:30,36,153.0,153.0,-1.83105e-07,-0.05,-1,-32.7755,-15.0356,-1,-32.7755,-15.0356,0,360,1440,-0.000635593,359.944,1441,0.249788,0.25,0,1,0,dexela,,,,,
27,2023-11-10 20:23:13,37,154.0,154.0,-1.83105e-07,0.05,-1,-33.0888,-15.0356,-1,-32.7755,-15.0356,0,360,1440,-0.000635593,359.944,1441,0.249788,0.25,0,1,0,dexela,,,,,
28,2023-11-10 20:30:55,38,155.0,155.0,-1.83105e-07,0.15,-1,-32.4622,-15.0356,-1,-32.7755,-15.0356,0,360,1440,-0.000635593,359.944,1441,0.249788,0.25,0,1,0,dexela,,,,,
29,2023-11-10 20:38:43,39,156.0,156.0,-1.83105e-07,0.25,-1,-32.7755,-15.0356,-1,-33.0888,-15.0356,0,360,1440,-0.000635593,359.944,1441,0.249788,0.25,0,1,0,dexela,,,,,
30,2023-11-10 20:46:25,40,157.0,157.0,-1.83105e-07,0.35,-1,-32.7755,-15.0356,-1,-33.0888,-15.0356,0,360,1440,-0.000635593,359.944,1441,0.249788,0.25,0,1,0,dexela,,,,,
31,2023-11-10 20:54:15,41,158.0,158.0,-1.83105e-07,-0.35,-1,-33.4021,-15.0356,-1,-33.4021,-15.0356,0,360,1440,-0.000635593,359.944,1441,0.249788,0.25,0,1,0,dexela,,,,,
32,2023-11-10 21:01:57,42,159.0,159.0,-1.83105e-07,-0.25,-1,-33.4021,-15.0356,-1,-33.7154,-15.0356,0,360,1440,-0.000635593,359.944,1441,0.249788,0.25,0,1,0,dexela,,,,,
33,2023-11-10 21:09:40,43,160.0,160.0,-1.83105e-07,-0.15,-1,-33.0888,-15.0356,-1,-33.7154,-15.0356,0,360,1440,-0.000635593,359.944,1441,0.249788,0.25,0,1,0,dexela,,,,,
34,2023-11-10 21:17:20,44,161.0,161.0,-1.83105e-07,-0.05,-1,-33.4021,-15.0356,-1,-33.0888,-15.0356,0,360,1440,-0.000635593,359.944,1441,0.249788,0.25,0,1,0,dexela,,,,,
35,2023-11-10 21:25:04,45,162.0,162.0,-1.83105e-07,0.05,-1,-33.0888,-15.0356,-1,-33.0888,-15.0356,0,360,1440,-0.000635593,359.944,1441,0.249788,0.25,0,1,0,dexela,,,,,
36,2023-11-10 21:32:47,46,163.0,163.0,-1.83105e-07,0.15,-1,-33.0888,-15.0356,-1,-33.4021,-15.0356,0,360,1440,-0.000635593,359.944,1441,0.249788,0.25,0,1,0,dexela,,,,,
37,2023-11-10 21:40:33,47,164.0,164.0,-1.83105e-07,0.25,-1,-32.7755,-15.0356,-1,-33.0888,-15.0356,0,360,1440,-0.000635593,359.944,1441,0.249788,0.25,0,1,0,dexela,,,,,
38,2023-11-10 21:48:13,48,165.0,165.0,-1.83105e-07,0.35,-1,-33.4021,-15.0356,-1,-33.7154,-15.0356,0,360,1440,-0.000635593,359.944,1441,0.249788,0.25,0,1,0,dexela,,,,,
39,2023-11-10 22:32:54,50,167.0,167.0,-1.83105e-07,-0.35,-1,-40.2949,-15.0452,-1,-39.9816,-15.0452,0,360,1440,-0.000635593,359.944,1441,0.249788,0.25,0,1,0,dexela,,,,,
40,2023-11-10 22:40:39,51,168.0,168.0,-1.83105e-07,-0.25,-1,-39.9816,-15.0452,-1,-39.6683,-15.0452,0,360,1440,-0.000635593,359.944,1441,0.249788,0.25,0,1,0,dexela,,,,,
41,2023-11-10 22:48:22,52,169.0,169.0,-1.83105e-07,-0.15,-1,-39.355,-15.0452,-1,-39.355,-15.0452,0,360,1440,-0.000635593,359.944,1441,0.249788,0.25,0,1,0,dexela,,,,,
42,2023-11-10 22:56:10,53,170.0,170.0,-1.83105e-07,-0.05,-1,-39.355,-15.0452,-1,-39.355,-15.0452,0,360,1440,-0.000635593,359.944,1441,0.249788,0.25,0,1,0,dexela,,,,,
43,2023-11-10 23:03:55,54,171.0,171.0,-1.83105e-07,0.05,-1,-39.0417,-15.0452,-1,-39.355,-15.0452,0,360,1440,-0.000635593,359.944,1441,0.249788,0.25,0,1,0,dexela,,,,,
44,2023-11-10 23:11:37,55,172.0,172.0,-1.83105e-07,0.15,-1,-39.355,-15.0452,-1,-39.355,-15.0452,0,360,1440,-0.000635593,359.944,1441,0.249788,0.25,0,1,0,dexela,,,,,
45,2023-11-10 23:19:21,56,173.0,173.0,-1.83105e-07,0.25,-1,-39.355,-15.0452,-1,-39.0417,-15.0452,0,360,1440,-0.000635593,359.944,1441,0.249788,0.25,0,1,0,dexela,,,,,
46,2023-11-10 23:27:08,57,174.0,174.0,-1.83105e-07,0.35,-1,-39.355,-15.0452,-1,-39.355,-15.0452,0,360,1440,-0.000635593,359.944,1441,0.249788,0.25,0,1,0,dexela,,,,,
47,2023-11-10 23:34:56,58,175.0,175.0,-1.83105e-07,-0.35,-1,-39.9816,-15.0452,-1,-39.9816,-15.0452,0,360,1440,-0.000635593,359.944,1441,0.249788,0.25,0,1,0,dexela,,,,,
48,2023-11-10 23:42:37,59,176.0,176.0,-1.83105e-07,-0.25,-1,-39.355,-15.0452,-1,-39.6683,-15.0452,0,360,1440,-0.000635593,359.944,1441,0.249788,0.25,0,1,0,dexela,,,,,
49,2023-11-10 23:50:17,60,177.0,177.0,-1.83105e-07,-0.15,-1,-39.9816,-15.0452,-1,-39.355,-15.0452,0,360,1440,-0.000635593,359.944,1441,0.249788,0.25,0,1,0,dexela,,,,,
50,2023-11-10 23:57:58,61,178.0,178.0,-1.83105e-07,-0.05,-1,-39.355,-15.0452,-1,-39.355,-15.0452,0,360,1440,-0.000635593,359.944,1441,0.249788,0.25,0,1,0,dexela,,,,,
51,2023-11-11 00:05:41,62,179.0,179.0,-1.83105e-07,0.05,-1,-39.355,-15.0452,-1,-39.355,-15.0452,0,360,1440,-0.000635593,359.944,1441,0.249788,0.25,0,1,0,dexela,,,,,
52,2023-11-11 00:13:29,63,180.0,180.0,-1.83105e-07,0.15,-1,-39.355,-15.0452,-1,-39.355,-15.0452,0,360,1440,-0.000635593,359.944,1441,0.249788,0.25,0,1,0,dexela,,,,,
53,2023-11-11 00:21:13,64,181.0,181.0,-1.83105e-07,0.25,-1,-39.355,-15.0452,-1,-39.355,-15.0452,0,360,1440,-0.000635593,359.944,1441,0.249788,0.25,0,1,0,dexela,,,,,
54,2023-11-11 00:28:57,65,182.0,182.0,-1.83105e-07,0.35,-1,-39.6683,-15.0452,-1,-39.6683,-15.0452,0,360,1440,-0.000635593,359.944,1441,0.249788,0.25,0,1,0,dexela,,,,,
55,2023-11-11 01:03:26,68,185.0,185.0,-1.83105e-07,-0.35,-1,-41.8615,-15.0505,-1,-41.5481,-15.0505,0,360,1440,-0.000635593,359.944,1441,0.249788,0.25,0,1,0,dexela,,,,,
56,2023-11-11 01:11:07,69,186.0,186.0,-1.83105e-07,-0.25,-1,-41.5481,-15.0505,-1,-41.2348,-15.0505,0,360,1440,-0.000635593,359.944,1441,0.249788,0.25,0,1,0,dexela,,,,,
57,2023-11-11 01:18:58,70,187.0,187.0,-1.83105e-07,-0.15,-1,-41.2348,-15.0505,-1,-41.2348,-15.0505,0,360,1440,-0.000635593,359.944,1441,0.249788,0.25,0,1,0,dexela,,,,,
58,2023-11-11 01:26:44,71,188.0,188.0,-1.83105e-07,-0.05,-1,-40.9215,-15.0505,-1,-40.6082,-15.0505,0,360,1440,-0.000635593,359.944,1441,0.249788,0.25,0,1,0,dexela,,,,,
59,2023-11-11 01:34:26,72,189.0,189.0,-1.83105e-07,0.05,-1,-40.9215,-15.0505,-1,-40.9215,-15.0505,0,360,1440,-0.000635593,359.944,1441,0.249788,0.25,0,1,0,dexela,,,,,
60,2023-11-11 01:42:06,73,190.0,190.0,-1.83105e-07,0.15,-1,-40.6082,-15.0505,-1,-40.9215,-15.0505,0,360,1440,-0.000635593,359.944,1441,0.249788,0.25,0,1,0,dexela,,,,,
61,2023-11-11 01:49:50,74,191.0,191.0,-1.83105e-07,0.25,-1,-40.9215,-15.0505,-1,-40.9215,-15.0505,0,360,1440,-0.000635593,359.944,1441,0.249788,0.25,0,1,0,dexela,,,,,
62,2023-11-11 01:57:33,75,192.0,192.0,-1.83105e-07,0.35,-1,-40.9215,-15.0505,-1,-41.2348,-15.0505,0,360,1440,-0.000635593,359.944,1441,0.249788,0.25,0,1,0,dexela,,,,,
63,2023-11-11 02:05:26,76,193.0,193.0,-1.83105e-07,-0.35,-1,-41.5481,-15.0505,-1,-41.5481,-15.0505,0,360,1440,-0.000635593,359.944,1441,0.249788,0.25,0,1,0,dexela,,,,,
64,2023-11-11 02:13:06,77,194.0,194.0,-1.83105e-07,-0.25,-1,-41.2348,-15.0505,-1,-41.5481,-15.0505,0,360,1440,-0.000635593,359.944,1441,0.249788,0.25,0,1,0,dexela,,,,,
65,2023-11-11 02:20:49,78,195.0,195.0,-1.83105e-07,-0.15,-1,-41.2348,-15.0505,-1,-41.2348,-15.0505,0,360,1440,-0.000635593,359.944,1441,0.249788,0.25,0,1,0,dexela,,,,,
66,2023-11-11 02:28:36,79,196.0,196.0,-1.83105e-07,-0.05,-1,-41.2348,-15.0505,-1,-41.5481,-15.0505,0,360,1440,-0.000635593,359.944,1441,0.249788,0.25,0,1,0,dexela,,,,,
67,2023-11-11 02:36:17,80,197.0,197.0,-1.83105e-07,0.05,-1,-40.9215,-15.0505,-1,-41.2348,-15.0505,0,360,1440,-0.000635593,359.944,1441,0.249788,0.25,0,1,0,dexela,,,,,
68,2023-11-11 02:44:02,81,198.0,198.0,-1.83105e-07,0.15,-1,-40.9215,-15.0505,-1,-40.9215,-15.0505,0,360,1440,-0.000635593,359.944,1441,0.249788,0.25,0,1,0,dexela,,,,,
69,2023-11-11 02:51:44,82,199.0,199.0,-1.83105e-07,0.25,-1,-40.9215,-15.0505,-1,-41.2348,-15.0505,0,360,1440,-0.000635593,359.944,1441,0.249788,0.25,0,1,0,dexela,,,,,
70,2023-11-11 02:59:26,83,200.0,200.0,-1.83105e-07,0.35,-1,-41.2348,-15.0505,-1,-41.2348,-15.0505,0,360,1440,-0.000635593,359.944,1441,0.249788,0.25,0,1,0,dexela,,,,,
71,2023-11-11 11:59:37,86,203.0,203.0,-1.83105e-07,-0.35,-1,-43.428,-15.0553,-1,-43.428,-15.0553,0,360,1440,-0.000635593,359.944,1441,0.249788,0.25,0,1,0,dexela,,,,,
72,2023-11-11 12:07:19,87,204.0,204.0,-1.83105e-07,-0.25,-1,-43.1147,-15.0553,-1,-43.428,-15.0553,0,360,1440,-0.000635593,359.944,1441,0.249788,0.25,0,1,0,dexela,,,,,
73,2023-11-11 12:15:02,88,205.0,205.0,-1.83105e-07,-0.15,-1,-43.1147,-15.0553,-1,-43.1147,-15.0553,0,360,1440,-0.000635593,359.944,1441,0.249788,0.25,0,1,0,dexela,,,,,
74,2023-11-11 12:22:53,89,206.0,206.0,-1.83105e-07,-0.05,-1,-42.8014,-15.0553,-1,-43.1147,-15.0553,0,360,1440,-0.000635593,359.944,1441,0.249788,0.25,0,1,0,dexela,,,,,
75,2023-11-11 12:30:50,90,207.0,207.0,-1.83105e-07,0.05,-1,-43.1147,-15.0553,-1,-42.8014,-15.0553,0,360,1440,-0.000635593,359.944,1441,0.249788,0.25,0,1,0,dexela,,,,,
76,2023-11-11 12:38:30,91,208.0,208.0,-1.83105e-07,0.15,-1,-42.4881,-15.0553,-1,-42.8014,-15.0553,0,360,1440,-0.000635593,359.944,1441,0.249788,0.25,0,1,0,dexela,,,,,
77,2023-11-11 12:46:12,92,209.0,209.0,-1.83105e-07,0.25,-1,-42.8014,-15.0553,-1,-42.8014,-15.0553,0,360,1440,-0.000635593,359.944,1441,0.249788,0.25,0,1,0,dexela,,,,,
78,2023-11-11 12:53:59,93,210.0,210.0,-1.83105e-07,0.35,-1,-42.8014,-15.0553,-1,-42.8014,-15.0553,0,360,1440,-0.000635593,359.944,1441,0.249788,0.25,0,1,0,dexela,,,,,
79,2023-11-11 13:13:14,95,212.0,212.0,-1.83105e-07,-0.35,-1,-46.5611,-15.0641,-1,-46.2478,-15.0641,0,360,1440,-0.000635593,359.944,1441,0.249788,0.25,0,1,0,dexela,,,,,
80,2023-11-11 13:21:00,96,213.0,213.0,-1.83105e-07,-0.25,-1,-45.9345,-15.0641,-1,-45.9345,-15.0641,0,360,1440,-0.000635593,359.944,1441,0.249788,0.25,0,1,0,dexela,,,,,
81,2023-11-11 13:28:45,97,214.0,214.0,-1.83105e-07,-0.15,-1,-45.9345,-15.0641,-1,-45.6212,-15.0641,0,360,1440,-0.000635593,359.944,1441,0.249788,0.25,0,1,0,dexela,,,,,
82,2023-11-11 13:36:29,98,215.0,215.0,-1.83105e-07,-0.05,-1,-45.3079,-15.0641,-1,-45.3079,-15.0641,0,360,1440,-0.000635593,359.944,1441,0.249788,0.25,0,1,0,dexela,,,,,
83,2023-11-11 13:44:09,99,216.0,216.0,-1.83105e-07,0.05,-1,-44.9946,-15.0641,-1,-44.9946,-15.0641,0,360,1440,-0.000635593,359.944,1441,0.249788,0.25,0,1,0,dexela,,,,,
84,2023-11-11 13:51:53,100,217.0,217.0,-1.83105e-07,0.15,-1,-45.3079,-15.0641,-1,-44.9946,-15.0641,0,360,1440,-0.000635593,359.944,1441,0.249788,0.25,0,1,0,dexela,,,,,
85,2023-11-11 13:59:35,101,218.0,218.0,-1.83105e-07,0.25,-1,-45.3079,-15.0641,-1,-45.3079,-15.0641,0,360,1440,-0.000635593,359.944,1441,0.249788,0.25,0,1,0,dexela,,,,,
86,2023-11-11 14:07:20,102,219.0,219.0,-1.83105e-07,0.35,-1,-45.3079,-15.0641,-1,-44.6812,-15.0641,0,360,1440,-0.000635593,359.944,1441,0.249788,0.25,0,1,0,dexela,,,,,
0,2023-11-11 17:53:46,1,,,,,-1,-1.44447,-15.1225,-1,-1.13116,-15.1225,0,10,20,-0.000127119,9.99903,20,0.499958,0.5,0,1,0,retiga,24805.0,24809.0,-1.83105e-07,0.0,df1
1,2023-11-11 17:54:39,2,,,,,-1,-1.13116,-15.1225,-1,-0.81785,-15.1225,0,10,20,-0.000127119,9.99903,20,0.499958,0.5,0,1,0,retiga,24831.0,24835.0,-4.5,0.0,bf1
2,2023-11-11 17:58:12,3,,,,,-1,-1.44447,-15.1225,-1,-1.13116,-15.1225,0,360,360,-0.000254237,359.969,360,0.999915,0.5,0,1,0,retiga,24857.0,24861.0,-1.83105e-07,0.0,tomo
3,2023-11-11 18:00:11,4,,,,,-1,-1.44447,-15.1225,-1,-1.13116,-15.1225,0,10,20,-0.000127119,9.99903,20,0.499958,0.5,0,1,0,retiga,25223.0,25227.0,-1.83105e-07,0.0,df2
4,2023-11-11 18:01:05,5,,,,,-1,-0.81785,-15.1225,-1,-1.13116,-15.1225,0,10,20,-0.000127119,9.99903,20,0.499958,0.5,0,1,0,retiga,25249.0,25253.0,-4.5,0.0,bf2
0,2023-11-11 18:14:32,1,,,,,-1,-1.75778,-15.1225,-1,-0.81785,-15.1225,0,90,360,-0.000635593,89.9231,360,0.249788,2.0,0,1,0,retiga,25275.0,25279.0,-1.83105e-07,-0.3325,
1,2023-11-11 18:27:27,2,,,,,-1,-0.81785,-15.1225,-1,-2.3844,-15.1225,90,180,360,89.9994,179.923,360,0.249788,2.0,0,1,0,retiga,25641.0,25645.0,-1.83105e-07,-0.3325,
2,2023-11-11 18:40:23,3,,,,,-1,-2.69771,-15.1225,-1,-2.69771,-15.1225,180,270,360,179.999,269.923,360,0.249788,2.0,0,1,0,retiga,26007.0,26011.0,-1.83105e-07,-0.3325,
3,2023-11-11 18:53:19,4,,,,,-1,-2.69771,-15.1225,-1,-2.07109,-15.1225,270,360,360,269.999,359.923,360,0.249788,2.0,0,1,0,retiga,26373.0,26377.0,-1.83105e-07,-0.3325,
4,2023-11-11 19:07:29,5,,,,,-1,-1.75778,-15.1225,-1,-0.50454,-15.1225,0,90,360,-0.000635593,89.9231,360,0.249788,2.0,0,1,0,retiga,26739.0,26743.0,-1.83105e-07,-0.2375,
5,2023-11-11 19:20:25,6,,,,,-1,-0.50454,-15.1225,-1,-2.3844,-15.1225,90,180,360,89.9994,179.923,360,0.249788,2.0,0,1,0,retiga,27105.0,27109.0,-1.83105e-07,-0.2375,
6,2023-11-11 19:33:21,7,,,,,-1,-2.3844,-15.1225,-1,-2.3844,-15.1225,180,270,360,179.999,269.923,360,0.249788,2.0,0,1,0,retiga,27471.0,27475.0,-1.83105e-07,-0.2375,
7,2023-11-11 19:46:16,8,,,,,-1,-2.3844,-15.1225,-1,-1.75778,-15.1225,270,360,360,269.999,359.923,360,0.249788,2.0,0,1,0,retiga,27837.0,27841.0,-1.83105e-07,-0.2375,
8,2023-11-11 20:00:26,9,,,,,-1,-1.75778,-15.1225,-1,-0.81785,-15.1225,0,90,360,-0.000635593,89.9231,360,0.249788,2.0,0,1,0,retiga,28203.0,28207.0,-1.83105e-07,-0.1425,
9,2023-11-11 20:13:22,10,,,,,-1,-0.50454,-15.1225,-1,-2.07109,-15.1225,90,180,360,89.9994,179.923,360,0.249788,2.0,0,1,0,retiga,28569.0,28573.0,-1.83105e-07,-0.1425,
10,2023-11-11 20:26:18,11,,,,,-1,-2.3844,-15.1225,-1,-2.3844,-15.1225,180,270,360,179.999,269.923,360,0.249788,2.0,0,1,0,retiga,28935.0,28939.0,-1.83105e-07,-0.1425,
11,2023-11-11 20:39:13,12,,,,,-1,-2.3844,-15.1225,-1,-1.44447,-15.1225,270,360,360,269.999,359.923,360,0.249788,2.0,0,1,0,retiga,29300.0,29304.0,-1.83105e-07,-0.1425,
12,2023-11-11 20:53:24,13,,,,,-1,-1.44447,-15.1225,-1,-0.19123,-15.1225,0,90,360,-0.000635593,89.9231,360,0.249788,2.0,0,1,0,retiga,29666.0,29670.0,-1.83105e-07,-0.0475,
13,2023-11-11 21:06:20,14,,,,,-1,-0.19123,-15.1225,-1,-1.75778,-15.1225,90,180,360,89.9994,179.923,360,0.249788,2.0,0,1,0,retiga,30032.0,30036.0,-1.83105e-07,-0.0475,
14,2023-11-11 21:19:16,15,,,,,-1,-1.75778,-15.1225,-1,-2.07109,-15.1225,180,270,360,179.999,269.923,360,0.249788,2.0,0,1,0,retiga,30398.0,30402.0,-1.83105e-07,-0.0475,
15,2023-11-11 21:32:12,16,,,,,-1,-1.75778,-15.1225,-1,-1.13116,-15.1225,270,360,360,269.999,359.923,360,0.249788,2.0,0,1,0,retiga,30764.0,30768.0,-1.83105e-07,-0.0475,
16,2023-11-11 21:46:22,17,,,,,-1,-1.44447,-15.1225,-1,0.12208,-15.1225,0,90,360,-0.000635593,89.9231,360,0.249788,2.0,0,1,0,retiga,31130.0,31134.0,-1.83105e-07,0.0475,
17,2023-11-11 21:59:18,18,,,,,-1,-0.19123,-15.1225,-1,-1.75778,-15.1225,90,180,360,89.9994,179.923,360,0.249788,2.0,0,1,0,retiga,31496.0,31500.0,-1.83105e-07,0.0475,
18,2023-11-11 22:12:14,19,,,,,-1,-1.75778,-15.1225,-1,-1.75778,-15.1225,180,270,360,179.999,269.923,360,0.249788,2.0,0,1,0,retiga,31862.0,31866.0,-1.83105e-07,0.0475,
19,2023-11-11 22:25:10,20,,,,,-1,-1.44447,-15.1225,-1,-1.13116,-15.1225,270,360,360,269.999,359.923,360,0.249788,2.0,0,1,0,retiga,32228.0,32232.0,-1.83105e-07,0.0475,
20,2023-11-11 22:39:20,21,,,,,-1,-1.13116,-15.1225,-1,0.12208,-15.1225,0,90,360,-0.000635593,89.9231,360,0.249788,2.0,0,1,0,retiga,32594.0,32598.0,-1.83105e-07,0.1425,
21,2023-11-11 22:52:16,22,,,,,-1,0.12208,-15.1225,-1,-1.75778,-15.1225,90,180,360,89.9994,179.923,360,0.249788,2.0,0,1,0,retiga,32960.0,32964.0,-1.83105e-07,0.1425,
22,2023-11-11 23:05:12,23,,,,,-1,-1.75778,-15.1225,-1,-2.07109,-15.1225,180,270,360,179.999,269.923,360,0.249788,2.0,0,1,0,retiga,33326.0,33330.0,-1.83105e-07,0.1425,
23,2023-11-11 23:18:08,24,,,,,-1,-2.07109,-15.1225,-1,-1.13116,-15.1225,270,360,360,269.999,359.923,360,0.249788,2.0,0,1,0,retiga,33692.0,33696.0,-1.83105e-07,0.1425,
24,2023-11-11 23:32:18,25,,,,,-1,-1.13116,-15.1225,-1,0.12208,-15.1225,0,90,360,-0.000635593,89.9231,360,0.249788,2.0,0,1,0,retiga,34058.0,34062.0,-1.83105e-07,0.2375,
25,2023-11-11 23:45:14,26,,,,,-1,0.12208,-15.1225,-1,-2.07109,-15.1225,90,180,360,89.9994,179.923,360,0.249788,2.0,0,1,0,retiga,34424.0,34428.0,-1.83105e-07,0.2375,
26,2023-11-11 23:58:10,27,,,,,-1,-1.75778,-15.1225,-1,-1.75778,-15.1225,180,270,360,179.999,269.923,360,0.249788,2.0,0,1,0,retiga,34790.0,34794.0,-1.83105e-07,0.2375,
27,2023-11-12 00:11:06,28,,,,,-1,-2.07109,-15.1225,-1,-1.75778,-15.1225,270,360,360,269.999,359.923,360,0.249788,2.0,0,1,0,retiga,35156.0,35160.0,-1.83105e-07,0.2375,
28,2023-11-12 00:25:16,29,,,,,-1,-1.75778,-15.1225,-1,-0.19123,-15.1225,0,90,360,-0.000635593,89.9231,360,0.249788,2.0,0,1,0,retiga,35521.0,35525.0,-1.83105e-07,0.3325,
29,2023-11-12 00:38:11,30,,,,,-1,-0.19123,-15.1225,-1,-1.75778,-15.1225,90,180,360,89.9994,179.923,360,0.249788,2.0,0,1,0,retiga,35887.0,35891.0,-1.83105e-07,0.3325,
30,2023-11-12 00:51:07,31,,,,,-1,-1.75778,-15.1225,-1,-2.07109,-15.1225,180,270,360,179.999,269.923,360,0.249788,2.0,0,1,0,retiga,36253.0,36257.0,-1.83105e-07,0.3325,
31,2023-11-12 01:04:03,32,,,,,-1,-2.07109,-15.1225,-1,-1.75778,-15.1225,270,360,360,269.999,359.923,360,0.249788,2.0,0,1,0,retiga,36619.0,36623.0,-1.83105e-07,0.3325,
0,2023-11-12 01:13:27,1,231.0,231.0,-1.83105e-07,-0.35,-1,-3.01102,-15.1225,-1,-1.75778,-15.1225,0,360,1440,-0.000635593,359.944,1441,0.249788,0.25,0,1,0,dexela,,,,,
1,2023-11-12 01:21:08,2,232.0,232.0,-1.83105e-07,-0.25,-1,-1.75778,-15.1225,-1,-1.75778,-15.1225,0,360,1440,-0.000635593,359.944,1441,0.249788,0.25,0,1,0,dexela,,,,,
2,2023-11-12 01:28:55,3,233.0,233.0,-1.83105e-07,-0.15,-1,-1.44447,-15.1225,-1,-1.75778,-15.1225,0,360,1440,-0.000635593,359.944,1441,0.249788,0.25,0,1,0,dexela,,,,,
3,2023-11-12 01:36:43,4,234.0,234.0,-1.83105e-07,-0.05,-1,-1.44447,-15.1225,-1,-1.44447,-15.1225,0,360,1440,-0.000635593,359.944,1441,0.249788,0.25,0,1,0,dexela,,,,,
4,2023-11-12 01:44:27,5,235.0,235.0,-1.83105e-07,0.05,-1,-1.44447,-15.1225,-1,-1.13116,-15.1225,0,360,1440,-0.000635593,359.944,1441,0.249788,0.25,0,1,0,dexela,,,,,
5,2023-11-12 01:52:09,6,236.0,236.0,-1.83105e-07,0.15,-1,-1.13116,-15.1225,-1,-1.13116,-15.1225,0,360,1440,-0.000635593,359.944,1441,0.249788,0.25,0,1,0,dexela,,,,,
6,2023-11-12 01:59:50,7,237.0,237.0,-1.83105e-07,0.25,-1,-1.44447,-15.1225,-1,-1.13116,-15.1225,0,360,1440,-0.000635593,359.944,1441,0.249788,0.25,0,1,0,dexela,,,,,
7,2023-11-12 02:07:37,8,238.0,238.0,-1.83105e-07,0.35,-1,-1.13116,-15.1225,-1,-1.13116,-15.1225,0,360,1440,-0.000635593,359.944,1441,0.249788,0.25,0,1,0,dexela,,,,,
8,2023-11-12 08:37:08,12,242.0,242.0,-1.83105e-07,-0.35,-1,-1.44447,-15.1225,-1,-1.75778,-15.1225,0,360,1440,-0.000635593,359.944,1441,0.249788,0.25,0,1,0,dexela,,,,,
9,2023-11-12 08:44:54,13,243.0,243.0,-1.83105e-07,-0.25,-1,-1.44447,-15.1225,-1,-1.75778,-15.1225,0,360,1440,-0.000635593,359.944,1441,0.249788,0.25,0,1,0,dexela,,,,,
10,2023-11-12 08:52:38,14,244.0,244.0,-1.83105e-07,-0.15,-1,-1.75778,-15.1225,-1,-1.44447,-15.1225,0,360,1440,-0.000635593,359.944,1441,0.249788,0.25,0,1,0,dexela,,,,,
11,2023-11-12 09:00:31,15,245.0,245.0,-1.83105e-07,-0.05,-1,-1.44447,-15.1225,-1,-1.13116,-15.1225,0,360,1440,-0.000635593,359.944,1441,0.249788,0.25,0,1,0,dexela,,,,,
12,2023-11-12 09:08:21,16,246.0,246.0,-1.83105e-07,0.05,-1,-1.13116,-15.1225,-1,-1.13116,-15.1225,0,360,1440,-0.000635593,359.944,1441,0.249788,0.25,0,1,0,dexela,,,,,
13,2023-11-12 09:16:04,17,247.0,247.0,-1.83105e-07,0.15,-1,-1.44447,-15.1225,-1,-1.13116,-15.1225,0,360,1440,-0.000635593,359.944,1441,0.249788,0.25,0,1,0,dexela,,,,,
14,2023-11-12 09:24:00,18,248.0,248.0,-1.83105e-07,0.25,-1,-1.13116,-15.1225,-1,-1.13116,-15.1225,0,360,1440,-0.000635593,359.944,1441,0.249788,0.25,0,1,0,dexela,,,,,
15,2023-11-12 09:31:50,19,249.0,249.0,-1.83105e-07,0.35,-1,-1.13116,-15.1225,-1,-1.13116,-15.1225,0,360,1440,-0.000635593,359.944,1441,0.249788,0.25,0,1,0,dexela,,,,,
0,2023-11-12 10:24:30,2,252.0,252.0,-1.83105e-07,-0.35,-1,-11.4704,-15.1272,-1,-11.4704,-15.1272,0,360,1440,-0.000635593,359.944,1441,0.249788,0.25,0,1,0,dexela,,,,,
1,2023-11-12 10:32:13,3,253.0,253.0,-1.83105e-07,-0.25,-1,-12.097,-15.1272,-1,-11.7837,-15.1272,0,360,1440,-0.000635593,359.944,1441,0.249788,0.25,0,1,0,dexela,,,,,
2,2023-11-12 10:39:58,4,254.0,254.0,-1.83105e-07,-0.15,-1,-11.4704,-15.1272,-1,-11.7837,-15.1272,0,360,1440,-0.000635593,359.944,1441,0.249788,0.25,0,1,0,dexela,,,,,
3,2023-11-12 10:47:45,5,255.0,255.0,-1.83105e-07,-0.05,-1,-11.4704,-15.1272,-1,-11.7837,-15.1272,0,360,1440,-0.000635593,359.944,1441,0.249788,0.25,0,1,0,dexela,,,,,
4,2023-11-12 10:55:35,6,256.0,256.0,-1.83105e-07,0.05,-1,-11.4704,-15.1272,-1,-11.1571,-15.1272,0,360,1440,-0.000635593,359.944,1441,0.249788,0.25,0,1,0,dexela,,,,,
5,2023-11-12 11:03:30,7,257.0,257.0,-1.83105e-07,0.15,-1,-11.1571,-15.1272,-1,-11.1571,-15.1272,0,360,1440,-0.000635593,359.944,1441,0.249788,0.25,0,1,0,dexela,,,,,
6,2023-11-12 11:11:21,8,258.0,258.0,-1.83105e-07,0.25,-1,-11.1571,-15.1272,-1,-11.1571,-15.1272,0,360,1440,-0.000635593,359.944,1441,0.249788,0.25,0,1,0,dexela,,,,,
7,2023-11-12 11:19:17,9,259.0,259.0,-1.83105e-07,0.35,-1,-11.4704,-15.1272,-1,-11.4704,-15.1272,0,360,1440,-0.000635593,359.944,1441,0.249788,0.25,0,1,0,dexela,,,,,
8,2023-11-12 11:42:18,11,261.0,261.0,-1.83105e-07,-0.35,-1,-22.4362,-15.1328,-1,-21.8096,-15.1328,0,360,1440,-0.000635593,359.944,1441,0.249788,0.25,0,1,0,dexela,,,,,
9,2023-11-12 11:50:01,12,262.0,262.0,-1.83105e-07,-0.25,-1,-22.1229,-15.1328,-1,-21.8096,-15.1328,0,360,1440,-0.000635593,359.944,1441,0.249788,0.25,0,1,0,dexela,,,,,
10,2023-11-12 11:57:55,13,263.0,263.0,-1.83105e-07,-0.15,-1,-21.4963,-15.1328,-1,-21.8096,-15.1328,0,360,1440,-0.000635593,359.944,1441,0.249788,0.25,0,1,0,dexela,,,,,
11,2023-11-12 12:05:51,14,264.0,264.0,-1.83105e-07,-0.05,-1,-21.8096,-15.1328,-1,-21.4963,-15.1328,0,360,1440,-0.000635593,359.944,1441,0.249788,0.25,0,1,0,dexela,,,,,
12,2023-11-12 12:13:33,15,265.0,265.0,-1.83105e-07,0.05,-1,-21.183,-15.1328,-1,-21.4963,-15.1328,0,360,1440,-0.000635593,359.944,1441,0.249788,0.25,0,1,0,dexela,,,,,
13,2023-11-12 12:21:19,16,266.0,266.0,-1.83105e-07,0.15,-1,-21.183,-15.1328,-1,-21.183,-15.1328,0,360,1440,-0.000635593,359.944,1441,0.249788,0.25,0,1,0,dexela,,,,,
14,2023-11-12 13:07:32,19,269.0,269.0,-1.83105e-07,0.25,-1,-20.5564,-15.1328,-1,-20.8697,-15.1328,0,360,1440,-0.000635593,359.944,1441,0.249788,0.25,0,1,0,dexela,,,,,
15,2023-11-12 13:15:22,20,270.0,270.0,-1.83105e-07,0.35,-1,-21.183,-15.1328,-1,-21.183,-15.1328,0,360,1440,-0.000635593,359.944,1441,0.249788,0.25,0,1,0,dexela,,,,,
16,2023-11-12 13:23:11,21,271.0,271.0,-1.83105e-07,-0.35,-1,-21.183,-15.1328,-1,-21.4963,-15.1328,0,360,1440,-0.000635593,359.944,1441,0.249788,0.25,0,1,0,dexela,,,,,
17,2023-11-12 13:30:55,22,272.0,272.0,-1.83105e-07,-0.25,-1,-21.183,-15.1328,-1,-21.4963,-15.1328,0,360,1440,-0.000635593,359.944,1441,0.249788,0.25,0,1,0,dexela,,,,,
18,2023-11-12 13:38:41,23,273.0,273.0,-1.83105e-07,-0.15,-1,-21.183,-15.1328,-1,-21.183,-15.1328,0,360,1440,-0.000635593,359.944,1441,0.249788,0.25,0,1,0,dexela,,,,,
19,2023-11-12 13:46:25,24,274.0,274.0,-1.83105e-07,-0.05,-1,-21.183,-15.1328,-1,-21.183,-15.1328,0,360,1440,-0.000635593,359.944,1441,0.249788,0.25,0,1,0,dexela,,,,,
20,2023-11-12 13:54:06,25,275.0,275.0,-1.83105e-07,0.05,-1,-20.8697,-15.1328,-1,-20.8697,-15.1328,0,360,1440,-0.000635593,359.944,1441,0.249788,0.25,0,1,0,dexela,,,,,
21,2023-11-12 14:01:50,26,276.0,276.0,-1.83105e-07,0.15,-1,-20.8697,-15.1328,-1,-20.8697,-15.1328,0,360,1440,-0.000635593,359.944,1441,0.249788,0.25,0,1,0,dexela,,,,,
22,2023-11-12 14:09:37,27,277.0,277.0,-1.83105e-07,0.25,-1,-20.5564,-15.1328,-1,-21.183,-15.1328,0,360,1440,-0.000635593,359.944,1441,0.249788,0.25,0,1,0,dexela,,,,,
23,2023-11-12 14:17:22,28,278.0,278.0,-1.83105e-07,0.35,-1,-20.8697,-15.1328,-1,-20.8697,-15.1328,0,360,1440,-0.000635593,359.944,1441,0.249788,0.25,0,1,0,dexela,,,,,
24,2023-11-12 14:59:33,35,280.0,280.0,-1.83105e-07,-0.35,-1,-32.7755,-15.1403,-1,-32.7755,-15.1403,0,360,1440,-0.000635593,359.944,1441,0.249788,0.25,0,1,0,dexela,,,,,
25,2023-11-12 15:07:16,36,281.0,281.0,-1.83105e-07,-0.25,-1,-32.7755,-15.1403,-1,-33.0888,-15.1403,0,360,1440,-0.000635593,359.944,1441,0.249788,0.25,0,1,0,dexela,,,,,
26,2023-11-12 15:15:00,37,282.0,282.0,-1.83105e-07,-0.15,-1,-32.4622,-15.1403,-1,-32.4622,-15.1403,0,360,1440,-0.000635593,359.944,1441,0.249788,0.25,0,1,0,dexela,,,,,
27,2023-11-12 15:22:47,38,283.0,283.0,-1.83105e-07,-0.05,-1,-32.1489,-15.1403,-1,-32.4622,-15.1403,0,360,1440,-0.000635593,359.944,1441,0.249788,0.25,0,1,0,dexela,,,,,
28,2023-11-12 15:30:34,39,284.0,284.0,-1.83105e-07,0.05,-1,-32.1489,-15.1403,-1,-31.8355,-15.1403,0,360,1440,-0.000635593,359.944,1441,0.249788,0.25,0,1,0,dexela,,,,,
29,2023-11-12 15:38:17,40,285.0,285.0,-1.83105e-07,0.15,-1,-31.8355,-15.1403,-1,-32.1489,-15.1403,0,360,1440,-0.000635593,359.944,1441,0.249788,0.25,0,1,0,dexela,,,,,
30,2023-11-12 15:45:58,41,286.0,286.0,-1.83105e-07,0.25,-1,-31.8355,-15.1403,-1,-31.8355,-15.1403,0,360,1440,-0.000635593,359.944,1441,0.249788,0.25,0,1,0,dexela,,,,,
31,2023-11-12 15:53:40,42,287.0,287.0,-1.83105e-07,0.35,-1,-31.8355,-15.1403,-1,-32.1489,-15.1403,0,360,1440,-0.000635593,359.944,1441,0.249788,0.25,0,1,0,dexela,,,,,
32,2023-11-12 16:01:29,43,288.0,288.0,-1.83105e-07,-0.35,-1,-32.7755,-15.1403,-1,-32.4622,-15.1403,0,360,1440,-0.000635593,359.944,1441,0.249788,0.25,0,1,0,dexela,,,,,
33,2023-11-12 16:09:18,44,289.0,289.0,-1.83105e-07,-0.25,-1,-32.4622,-15.1403,-1,-32.4622,-15.1403,0,360,1440,-0.000635593,359.944,1441,0.249788,0.25,0,1,0,dexela,,,,,
34,2023-11-12 16:16:59,45,290.0,290.0,-1.83105e-07,-0.15,-1,-32.1489,-15.1403,-1,-32.4622,-15.1403,0,360,1440,-0.000635593,359.944,1441,0.249788,0.25,0,1,0,dexela,,,,,
35,2023-11-12 16:24:40,46,291.0,291.0,-1.83105e-07,-0.05,-1,-32.1489,-15.1403,-1,-31.8355,-15.1403,0,360,1440,-0.000635593,359.944,1441,0.249788,0.25,0,1,0,dexela,,,,,
36,2023-11-12 16:32:22,47,292.0,292.0,-1.83105e-07,0.05,-1,-31.8355,-15.1403,-1,-31.8355,-15.1403,0,360,1440,-0.000635593,359.944,1441,0.249788,0.25,0,1,0,dexela,,,,,
37,2023-11-12 16:40:05,48,293.0,293.0,-1.83105e-07,0.15,-1,-31.8355,-15.1403,-1,-31.8355,-15.1403,0,360,1440,-0.000635593,359.944,1441,0.249788,0.25,0,1,0,dexela,,,,,
38,2023-11-12 16:47:46,49,294.0,294.0,-1.83105e-07,0.25,-1,-31.8355,-15.1403,-1,-31.8355,-15.1403,0,360,1440,-0.000635593,359.944,1441,0.249788,0.25,0,1,0,dexela,,,,,
39,2023-11-12 16:55:35,50,295.0,295.0,-1.83105e-07,0.35,-1,-31.8355,-15.1403,-1,-31.5222,-15.1403,0,360,1440,-0.000635593,359.944,1441,0.249788,0.25,0,1,0,dexela,,,,,
40,2023-11-12 17:24:02,52,297.0,297.0,-1.83105e-07,-0.35,-1,-37.4751,-15.1445,-1,-36.8485,-15.1445,0,360,1440,-0.000635593,359.944,1441,0.249788,0.25,0,1,0,dexela,,,,,
41,2023-11-12 17:31:43,53,298.0,298.0,-1.83105e-07,-0.25,-1,-36.8485,-15.1445,-1,-36.8485,-15.1445,0,360,1440,-0.000635593,359.944,1441,0.249788,0.25,0,1,0,dexela,,,,,
42,2023-11-12 17:39:32,54,299.0,299.0,-1.83105e-07,-0.15,-1,-36.5352,-15.1445,-1,-36.8485,-15.1445,0,360,1440,-0.000635593,359.944,1441,0.249788,0.25,0,1,0,dexela,,,,,
43,2023-11-12 17:47:12,55,300.0,300.0,-1.83105e-07,-0.05,-1,-36.5352,-15.1445,-1,-36.8485,-15.1445,0,360,1440,-0.000635593,359.944,1441,0.249788,0.25,0,1,0,dexela,,,,,
44,2023-11-12 17:54:55,56,301.0,301.0,-1.83105e-07,0.05,-1,-36.5352,-15.1445,-1,-36.5352,-15.1445,0,360,1440,-0.000635593,359.944,1441,0.249788,0.25,0,1,0,dexela,,,,,
45,2023-11-12 18:02:40,57,302.0,302.0,-1.83105e-07,0.15,-1,-35.9086,-15.1445,-1,-36.2219,-15.1445,0,360,1440,-0.000635593,359.944,1441,0.249788,0.25,0,1,0,dexela,,,,,
46,2023-11-12 18:10:20,58,303.0,303.0,-1.83105e-07,0.25,-1,-35.9086,-15.1445,-1,-36.5352,-15.1445,0,360,1440,-0.000635593,359.944,1441,0.249788,0.25,0,1,0,dexela,,,,,
47,2023-11-12 18:18:12,59,304.0,304.0,-1.83105e-07,0.35,-1,-36.5352,-15.1445,-1,-36.2219,-15.1445,0,360,1440,-0.000635593,359.944,1441,0.249788,0.25,0,1,0,dexela,,,,,
48,2023-11-12 18:26:08,60,305.0,305.0,-1.83105e-07,-0.35,-1,-37.1618,-15.1445,-1,-36.5352,-15.1445,0,360,1440,-0.000635593,359.944,1441,0.249788,0.25,0,1,0,dexela,,,,,
49,2023-11-12 18:41:32,62,307.0,307.0,-1.83105e-07,-0.25,-1,-36.8485,-15.1445,-1,-36.5352,-15.1445,0,360,1440,-0.000635593,359.944,1441,0.249788,0.25,0,1,0,dexela,,,,,
50,2023-11-12 18:49:17,63,308.0,308.0,-1.83105e-07,-0.15,-1,-36.5352,-15.1445,-1,-36.8485,-15.1445,0,360,1440,-0.000635593,359.944,1441,0.249788,0.25,0,1,0,dexela,,,,,
51,2023-11-12 18:56:57,64,309.0,309.0,-1.83105e-07,-0.05,-1,-36.5352,-15.1445,-1,-36.2219,-15.1445,0,360,1440,-0.000635593,359.944,1441,0.249788,0.25,0,1,0,dexela,,,,,
52,2023-11-12 19:04:41,65,310.0,310.0,-1.83105e-07,0.05,-1,-35.9086,-15.1445,-1,-36.2219,-15.1445,0,360,1440,-0.000635593,359.944,1441,0.249788,0.25,0,1,0,dexela,,,,,
53,2023-11-12 19:12:26,66,311.0,311.0,-1.83105e-07,0.15,-1,-36.2219,-15.1445,-1,-36.2219,-15.1445,0,360,1440,-0.000635593,359.944,1441,0.249788,0.25,0,1,0,dexela,,,,,
54,2023-11-12 19:20:17,67,312.0,312.0,-1.83105e-07,0.25,-1,-35.9086,-15.1445,-1,-35.9086,-15.1445,0,360,1440,-0.000635593,359.944,1441,0.249788,0.25,0,1,0,dexela,,,,,
55,2023-11-12 19:28:02,68,313.0,313.0,-1.83105e-07,0.35,-1,-36.2219,-15.1445,-1,-36.2219,-15.1445,0,360,1440,-0.000635593,359.944,1441,0.249788,0.25,0,1,0,dexela,,,,,
56,2023-11-12 19:56:50,70,315.0,315.0,-1.83105e-07,-0.35,-1,-33.4021,-15.1436,-1,-34.342,-15.1436,0,360,1440,-0.000635593,359.944,1441,0.249788,0.25,0,1,0,dexela,,,,,
57,2023-11-12 20:04:36,71,316.0,316.0,-1.83105e-07,-0.25,-1,-34.0287,-15.1436,-1,-33.7154,-15.1436,0,360,1440,-0.000635593,359.944,1441,0.249788,0.25,0,1,0,dexela,,,,,
58,2023-11-12 20:12:16,72,317.0,317.0,-1.83105e-07,-0.15,-1,-33.7154,-15.1436,-1,-34.342,-15.1436,0,360,1440,-0.000635593,359.944,1441,0.249788,0.25,0,1,0,dexela,,,,,
59,2023-11-12 20:19:58,73,318.0,318.0,-1.83105e-07,-0.05,-1,-33.7154,-15.1436,-1,-34.0287,-15.1436,0,360,1440,-0.000635593,359.944,1441,0.249788,0.25,0,1,0,dexela,,,,,
60,2023-11-12 20:27:38,74,319.0,319.0,-1.83105e-07,0.05,-1,-34.0287,-15.1436,-1,-33.7154,-15.1436,0,360,1440,-0.000635593,359.944,1441,0.249788,0.25,0,1,0,dexela,,,,,
61,2023-11-12 20:35:19,75,320.0,320.0,-1.83105e-07,0.15,-1,-33.4021,-15.1436,-1,-33.4021,-15.1436,0,360,1440,-0.000635593,359.944,1441,0.249788,0.25,0,1,0,dexela,,,,,
62,2023-11-12 20:43:01,76,321.0,321.0,-1.83105e-07,0.25,-1,-33.7154,-15.1436,-1,-33.7154,-15.1436,0,360,1440,-0.000635593,359.944,1441,0.249788,0.25,0,1,0,dexela,,,,,
63,2023-11-12 20:50:43,77,322.0,322.0,-1.83105e-07,0.35,-1,-33.7154,-15.1436,-1,-33.7154,-15.1436,0,360,1440,-0.000635593,359.944,1441,0.249788,0.25,0,1,0,dexela,,,,,
64,2023-11-12 20:58:31,78,323.0,323.0,-1.83105e-07,-0.35,-1,-34.0287,-15.1436,-1,-34.342,-15.1436,0,360,1440,-0.000635593,359.944,1441,0.249788,0.25,0,1,0,dexela,,,,,
65,2023-11-12 21:06:13,79,324.0,324.0,-1.83105e-07,-0.25,-1,-34.342,-15.1436,-1,-34.0287,-15.1436,0,360,1440,-0.000635593,359.944,1441,0.249788,0.25,0,1,0,dexela,,,,,
66,2023-11-12 21:13:59,80,325.0,325.0,-1.83105e-07,-0.15,-1,-34.0287,-15.1436,-1,-33.7154,-15.1436,0,360,1440,-0.000635593,359.944,1441,0.249788,0.25,0,1,0,dexela,,,,,
67,2023-11-12 21:21:46,81,326.0,326.0,-1.83105e-07,-0.05,-1,-33.7154,-15.1436,-1,-34.0287,-15.1436,0,360,1440,-0.000635593,359.944,1441,0.249788,0.25,0,1,0,dexela,,,,,
68,2023-11-12 21:29:27,82,327.0,327.0,-1.83105e-07,0.05,-1,-33.7154,-15.1436,-1,-33.7154,-15.1436,0,360,1440,-0.000635593,359.944,1441,0.249788,0.25,0,1,0,dexela,,,,,
69,2023-11-12 21:37:14,83,328.0,328.0,-1.83105e-07,0.15,-1,-33.7154,-15.1436,-1,-33.4021,-15.1436,0,360,1440,-0.000635593,359.944,1441,0.249788,0.25,0,1,0,dexela,,,,,
70,2023-11-12 21:44:56,84,329.0,329.0,-1.83105e-07,0.25,-1,-33.7154,-15.1436,-1,-33.7154,-15.1436,0,360,1440,-0.000635593,359.944,1441,0.249788,0.25,0,1,0,dexela,,,,,
71,2023-11-12 21:52:38,85,330.0,330.0,-1.83105e-07,0.35,-1,-33.7154,-15.1436,-1,-33.0888,-15.1436,0,360,1440,-0.000635593,359.944,1441,0.249788,0.25,0,1,0,dexela,,,,,
72,2023-11-12 22:26:55,87,332.0,332.0,-1.83105e-07,-0.35,-1,-40.6082,-15.1478,-1,-41.2348,-15.1478,0,360,1440,-0.000635593,359.944,1441,0.249788,0.25,0,1,0,dexela,,,,,
73,2023-11-12 22:34:38,88,333.0,333.0,-1.83105e-07,-0.25,-1,-40.9215,-15.1478,-1,-41.2348,-15.1478,0,360,1440,-0.000635593,359.944,1441,0.249788,0.25,0,1,0,dexela,,,,,
74,2023-11-12 22:42:22,89,334.0,334.0,-1.83105e-07,-0.15,-1,-41.2348,-15.1478,-1,-40.9215,-15.1478,0,360,1440,-0.000635593,359.944,1441,0.249788,0.25,0,1,0,dexela,,,,,
75,2023-11-12 22:50:04,90,335.0,335.0,-1.83105e-07,-0.05,-1,-40.6082,-15.1478,-1,-40.6082,-15.1478,0,360,1440,-0.000635593,359.944,1441,0.249788,0.25,0,1,0,dexela,,,,,
76,2023-11-12 22:57:43,91,336.0,336.0,-1.83105e-07,0.05,-1,-40.6082,-15.1478,-1,-40.9215,-15.1478,0,360,1440,-0.000635593,359.944,1441,0.249788,0.25,0,1,0,dexela,,,,,
77,2023-11-12 23:05:27,92,337.0,337.0,-1.83105e-07,0.15,-1,-40.2949,-15.1478,-1,-40.6082,-15.1478,0,360,1440,-0.000635593,359.944,1441,0.249788,0.25,0,1,0,dexela,,,,,
78,2023-11-12 23:13:15,93,338.0,338.0,-1.83105e-07,0.25,-1,-40.2949,-15.1478,-1,-40.6082,-15.1478,0,360,1440,-0.000635593,359.944,1441,0.249788,0.25,0,1,0,dexela,,,,,
79,2023-11-12 23:20:58,94,339.0,339.0,-1.83105e-07,0.35,-1,-40.6082,-15.1478,-1,-40.6082,-15.1478,0,360,1440,-0.000635593,359.944,1441,0.249788,0.25,0,1,0,dexela,,,,,
80,2023-11-12 23:28:54,95,340.0,340.0,-1.83105e-07,-0.35,-1,-40.9215,-15.1478,-1,-40.9215,-15.1478,0,360,1440,-0.000635593,359.944,1441,0.249788,0.25,0,1,0,dexela,,,,,
81,2023-11-12 23:36:36,96,341.0,341.0,-1.83105e-07,-0.25,-1,-40.9215,-15.1478,-1,-41.2348,-15.1478,0,360,1440,-0.000635593,359.944,1441,0.249788,0.25,0,1,0,dexela,,,,,
82,2023-11-12 23:44:18,97,342.0,342.0,-1.83105e-07,-0.15,-1,-40.9215,-15.1478,-1,-41.2348,-15.1478,0,360,1440,-0.000635593,359.944,1441,0.249788,0.25,0,1,0,dexela,,,,,
83,2023-11-12 23:52:09,98,343.0,343.0,-1.83105e-07,-0.05,-1,-40.6082,-15.1478,-1,-40.9215,-15.1478,0,360,1440,-0.000635593,359.944,1441,0.249788,0.25,0,1,0,dexela,,,,,
84,2023-11-12 23:59:50,99,344.0,344.0,-1.83105e-07,0.05,-1,-40.6082,-15.1478,-1,-40.9215,-15.1478,0,360,1440,-0.000635593,359.944,1441,0.249788,0.25,0,1,0,dexela,,,,,
85,2023-11-13 00:07:34,100,345.0,345.0,-1.83105e-07,0.15,-1,-40.9215,-15.1478,-1,-40.6082,-15.1478,0,360,1440,-0.000635593,359.944,1441,0.249788,0.25,0,1,0,dexela,,,,,
86,2023-11-13 00:15:19,101,346.0,346.0,-1.83105e-07,0.25,-1,-40.6082,-15.1478,-1,-40.6082,-15.1478,0,360,1440,-0.000635593,359.944,1441,0.249788,0.25,0,1,0,dexela,,,,,
87,2023-11-13 00:23:03,102,347.0,347.0,-1.83105e-07,0.35,-1,-40.6082,-15.1478,-1,-40.6082,-15.1478,0,360,1440,-0.000635593,359.944,1441,0.249788,0.25,0,1,0,dexela,,,,,
88,2023-11-13 00:46:54,104,349.0,349.0,-1.83105e-07,-0.35,-1,-42.1748,-15.1506,-1,-42.4881,-15.1506,0,360,1440,-0.000635593,359.944,1441,0.249788,0.25,0,1,0,dexela,,,,,
89,2023-11-13 00:54:35,105,350.0,350.0,-1.83105e-07,-0.25,-1,-42.4881,-15.1506,-1,-42.1748,-15.1506,0,360,1440,-0.000635593,359.944,1441,0.249788,0.25,0,1,0,dexela,,,,,
90,2023-11-13 01:02:15,106,351.0,351.0,-1.83105e-07,-0.15,-1,-42.8014,-15.1506,-1,-42.4881,-15.1506,0,360,1440,-0.000635593,359.944,1441,0.249788,0.25,0,1,0,dexela,,,,,
91,2023-11-13 01:10:01,107,352.0,352.0,-1.83105e-07,-0.05,-1,-42.4881,-15.1506,-1,-42.1748,-15.1506,0,360,1440,-0.000635593,359.944,1441,0.249788,0.25,0,1,0,dexela,,,,,
92,2023-11-13 01:17:40,108,353.0,353.0,-1.83105e-07,0.05,-1,-42.1748,-15.1506,-1,-42.1748,-15.1506,0,360,1440,-0.000635593,359.944,1441,0.249788,0.25,0,1,0,dexela,,,,,
93,2023-11-13 01:25:20,109,354.0,354.0,-1.83105e-07,0.15,-1,-42.1748,-15.1506,-1,-41.8615,-15.1506,0,360,1440,-0.000635593,359.944,1441,0.249788,0.25,0,1,0,dexela,,,,,
94,2023-11-13 01:33:00,110,355.0,355.0,-1.83105e-07,0.25,-1,-42.1748,-15.1506,-1,-42.1748,-15.1506,0,360,1440,-0.000635593,359.944,1441,0.249788,0.25,0,1,0,dexela,,,,,
95,2023-11-13 01:40:41,111,356.0,356.0,-1.83105e-07,0.35,-1,-42.1748,-15.1506,-1,-42.1748,-15.1506,0,360,1440,-0.000635593,359.944,1441,0.249788,0.25,0,1,0,dexela,,,,,
96,2023-11-13 01:48:28,112,357.0,357.0,-1.83105e-07,-0.35,-1,-42.8014,-15.1506,-1,-42.4881,-15.1506,0,360,1440,-0.000635593,359.944,1441,0.249788,0.25,0,1,0,dexela,,,,,
97,2023-11-13 01:56:12,113,358.0,358.0,-1.83105e-07,-0.25,-1,-42.4881,-15.1506,-1,-42.8014,-15.1506,0,360,1440,-0.000635593,359.944,1441,0.249788,0.25,0,1,0,dexela,,,,,
98,2023-11-13 02:03:54,114,359.0,359.0,-1.83105e-07,-0.15,-1,-42.4881,-15.1506,-1,-42.4881,-15.1506,0,360,1440,-0.000635593,359.944,1441,0.249788,0.25,0,1,0,dexela,,,,,
99,2023-11-13 02:11:42,115,360.0,360.0,-1.83105e-07,-0.05,-1,-42.4881,-15.1506,-1,-42.1748,-15.1506,0,360,1440,-0.000635593,359.944,1441,0.249788,0.25,0,1,0,dexela,,,,,
100,2023-11-13 02:19:22,116,361.0,361.0,-1.83105e-07,0.05,-1,-42.1748,-15.1506,-1,-42.4881,-15.1506,0,360,1440,-0.000635593,359.944,1441,0.249788,0.25,0,1,0,dexela,,,,,
101,2023-11-13 02:27:07,117,362.0,362.0,-1.83105e-07,0.15,-1,-41.8615,-15.1506,-1,-42.1748,-15.1506,0,360,1440,-0.000635593,359.944,1441,0.249788,0.25,0,1,0,dexela,,,,,
102,2023-11-13 02:34:47,118,363.0,363.0,-1.83105e-07,0.25,-1,-42.1748,-15.1506,-1,-41.8615,-15.1506,0,360,1440,-0.000635593,359.944,1441,0.249788,0.25,0,1,0,dexela,,,,,
103,2023-11-13 02:42:29,119,364.0,364.0,-1.83105e-07,0.35,-1,-42.1748,-15.1506,-1,-42.1748,-15.1506,0,360,1440,-0.000635593,359.944,1441,0.249788,0.25,0,1,0,dexela,,,,,
104,2023-11-13 04:53:14,121,366.0,366.0,-1.83105e-07,-0.35,-1,-42.8014,-15.1523,-1,-43.428,-15.1523,0,360,1440,-0.000635593,359.944,1441,0.249788,0.25,0,1,0,dexela,,,,,
105,2023-11-13 05:00:59,122,367.0,367.0,-1.83105e-07,-0.25,-1,-43.428,-15.1523,-1,-43.7413,-15.1523,0,360,1440,-0.000635593,359.944,1441,0.249788,0.25,0,1,0,dexela,,,,,
106,2023-11-13 05:08:47,123,368.0,368.0,-1.83105e-07,-0.15,-1,-43.428,-15.1523,-1,-43.428,-15.1523,0,360,1440,-0.000635593,359.944,1441,0.249788,0.25,0,1,0,dexela,,,,,
107,2023-11-13 05:16:34,124,369.0,369.0,-1.83105e-07,-0.05,-1,-43.428,-15.1523,-1,-43.428,-15.1523,0,360,1440,-0.000635593,359.944,1441,0.249788,0.25,0,1,0,dexela,,,,,
108,2023-11-13 05:24:21,125,370.0,370.0,-1.83105e-07,0.05,-1,-43.428,-15.1523,-1,-43.1147,-15.1523,0,360,1440,-0.000635593,359.944,1441,0.249788,0.25,0,1,0,dexela,,,,,
109,2023-11-13 05:32:11,126,371.0,371.0,-1.83105e-07,0.15,-1,-43.1147,-15.1523,-1,-42.8014,-15.1523,0,360,1440,-0.000635593,359.944,1441,0.249788,0.25,0,1,0,dexela,,,,,
110,2023-11-13 05:40:03,127,372.0,372.0,-1.83105e-07,0.25,-1,-43.1147,-15.1523,-1,-43.1147,-15.1523,0,360,1440,-0.000635593,359.944,1441,0.249788,0.25,0,1,0,dexela,,,,,
111,2023-11-13 05:47:49,128,373.0,373.0,-1.83105e-07,0.35,-1,-42.8014,-15.1523,-1,-43.1147,-15.1523,0,360,1440,-0.000635593,359.944,1441,0.249788,0.25,0,1,0,dexela,,,,,
112,2023-11-13 05:55:43,129,374.0,374.0,-1.83105e-07,-0.35,-1,-43.428,-15.1523,-1,-43.7413,-15.1523,0,360,1440,-0.000635593,359.944,1441,0.249788,0.25,0,1,0,dexela,,,,,
113,2023-11-13 06:03:32,130,375.0,375.0,-1.83105e-07,-0.25,-1,-43.428,-15.1523,-1,-43.428,-15.1523,0,360,1440,-0.000635593,359.944,1441,0.249788,0.25,0,1,0,dexela,,,,,
114,2023-11-13 06:11:24,131,376.0,376.0,-1.83105e-07,-0.15,-1,-43.428,-15.1523,-1,-43.7413,-15.1523,0,360,1440,-0.000635593,359.944,1441,0.249788,0.25,0,1,0,dexela,,,,,
115,2023-11-13 06:19:11,132,377.0,377.0,-1.83105e-07,-0.05,-1,-43.1147,-15.1523,-1,-43.7413,-15.1523,0,360,1440,-0.000635593,359.944,1441,0.249788,0.25,0,1,0,dexela,,,,,
116,2023-11-13 06:27:03,133,378.0,378.0,-1.83105e-07,0.05,-1,-43.1147,-15.1523,-1,-43.1147,-15.1523,0,360,1440,-0.000635593,359.944,1441,0.249788,0.25,0,1,0,dexela,,,,,
117,2023-11-13 06:34:53,134,379.0,379.0,-1.83105e-07,0.15,-1,-43.1147,-15.1523,-1,-43.1147,-15.1523,0,360,1440,-0.000635593,359.944,1441,0.249788,0.25,0,1,0,dexela,,,,,
118,2023-11-13 06:42:39,135,380.0,380.0,-1.83105e-07,0.25,-1,-43.428,-15.1523,-1,-43.428,-15.1523,0,360,1440,-0.000635593,359.944,1441,0.249788,0.25,0,1,0,dexela,,,,,
119,2023-11-13 06:50:30,136,381.0,381.0,-1.83105e-07,0.35,-1,-43.1147,-15.1523,-1,-43.1147,-15.1523,0,360,1440,-0.000635593,359.944,1441,0.249788,0.25,0,1,0,dexela,,,,,
120,2023-11-13 07:14:28,138,383.0,383.0,-1.83105e-07,-0.35,-1,-45.6212,-15.1571,-1,-45.6212,-15.1571,0,360,1440,-0.000635593,359.944,1441,0.249788,0.25,0,1,0,dexela,,,,,
121,2023-11-13 07:22:22,139,384.0,384.0,-1.83105e-07,-0.25,-1,-45.6212,-15.1571,-1,-45.3079,-15.1571,0,360,1440,-0.000635593,359.944,1441,0.249788,0.25,0,1,0,dexela,,,,,
122,2023-11-13 07:30:13,140,385.0,385.0,-1.83105e-07,-0.15,-1,-44.9946,-15.1571,-1,-45.6212,-15.1571,0,360,1440,-0.000635593,359.944,1441,0.249788,0.25,0,1,0,dexela,,,,,
123,2023-11-13 07:38:00,141,386.0,386.0,-1.83105e-07,-0.05,-1,-45.3079,-15.1571,-1,-44.9946,-15.1571,0,360,1440,-0.000635593,359.944,1441,0.249788,0.25,0,1,0,dexela,,,,,
124,2023-11-13 07:45:58,142,387.0,387.0,-1.83105e-07,0.05,-1,-45.3079,-15.1571,-1,-45.3079,-15.1571,0,360,1440,-0.000635593,359.944,1441,0.249788,0.25,0,1,0,dexela,,,,,
125,2023-11-13 07:53:44,143,388.0,388.0,-1.83105e-07,0.15,-1,-44.9946,-15.1571,-1,-44.9946,-15.1571,0,360,1440,-0.000635593,359.944,1441,0.249788,0.25,0,1,0,dexela,,,,,
126,2023-11-13 08:01:32,144,389.0,389.0,-1.83105e-07,0.25,-1,-44.9946,-15.1571,-1,-45.3079,-15.1571,0,360,1440,-0.000635593,359.944,1441,0.249788,0.25,0,1,0,dexela,,,,,
127,2023-11-13 08:09:25,145,390.0,390.0,-1.83105e-07,0.35,-1,-45.3079,-15.1571,-1,-45.3079,-15.1571,0,360,1440,-0.000635593,359.944,1441,0.249788,0.25,0,1,0,dexela,,,,,
128,2023-11-13 08:17:16,146,391.0,391.0,-1.83105e-07,-0.35,-1,-45.6212,-15.1571,-1,-45.3079,-15.1571,0,360,1440,-0.000635593,359.944,1441,0.249788,0.25,0,1,0,dexela,,,,,
129,2023-11-13 08:25:08,147,392.0,392.0,-1.83105e-07,-0.25,-1,-45.6212,-15.1571,-1,-45.3079,-15.1571,0,360,1440,-0.000635593,359.944,1441,0.249788,0.25,0,1,0,dexela,,,,,
130,2023-11-13 08:32:55,148,393.0,393.0,-1.83105e-07,-0.15,-1,-45.6212,-15.1571,-1,-45.6212,-15.1571,0,360,1440,-0.000635593,359.944,1441,0.249788,0.25,0,1,0,dexela,,,,,
131,2023-11-13 08:41:06,149,394.0,394.0,-1.83105e-07,-0.05,-1,-44.9946,-15.1571,-1,-45.3079,-15.1571,0,360,1440,-0.000635593,359.944,1441,0.249788,0.25,0,1,0,dexela,,,,,
132,2023-11-13 08:48:55,150,395.0,395.0,-1.83105e-07,0.05,-1,-44.6812,-15.1571,-1,-44.6812,-15.1571,0,360,1440,-0.000635593,359.944,1441,0.249788,0.25,0,1,0,dexela,,,,,
133,2023-11-13 08:56:38,151,396.0,396.0,-1.83105e-07,0.15,-1,-45.3079,-15.1571,-1,-44.6812,-15.1571,0,360,1440,-0.000635593,359.944,1441,0.249788,0.25,0,1,0,dexela,,,,,
134,2023-11-13 09:04:24,152,397.0,397.0,-1.83105e-07,0.25,-1,-44.9946,-15.1571,-1,-44.6812,-15.1571,0,360,1440,-0.000635593,359.944,1441,0.249788,0.25,0,1,0,dexela,,,,,
135,2023-11-13 09:12:15,153,398.0,398.0,-1.83105e-07,0.35,-1,-44.6812,-15.1571,-1,-44.6812,-15.1571,0,360,1440,-0.000635593,359.944,1441,0.249788,0.25,0,1,0,dexela,,,,,
136,2023-11-13 09:41:35,156,401.0,401.0,-1.83105e-07,-0.35,-1,-46.5611,-15.159,-1,-47.1877,-15.159,0,360,1440,-0.000635593,359.944,1441,0.249788,0.25,0,1,0,dexela,,,,,
137,2023-11-13 09:49:27,157,402.0,402.0,-1.83105e-07,-0.25,-1,-47.1877,-15.159,-1,-47.1877,-15.159,0,360,1440,-0.000635593,359.944,1441,0.249788,0.25,0,1,0,dexela,,,,,
138,2023-11-13 09:57:16,158,403.0,403.0,-1.83105e-07,-0.15,-1,-47.1877,-15.159,-1,-47.1877,-15.159,0,360,1440,-0.000635593,359.944,1441,0.249788,0.25,0,1,0,dexela,,,,,
139,2023-11-13 10:04:58,159,404.0,404.0,-1.83105e-07,-0.05,-1,-46.8744,-15.159,-1,-46.8744,-15.159,0,360,1440,-0.000635593,359.944,1441,0.249788,0.25,0,1,0,dexela,,,,,
140,2023-11-13 10:12:49,160,405.0,405.0,-1.83105e-07,0.05,-1,-46.8744,-15.159,-1,-46.8744,-15.159,0,360,1440,-0.000635593,359.944,1441,0.249788,0.25,0,1,0,dexela,,,,,
141,2023-11-13 10:20:39,161,406.0,406.0,-1.83105e-07,0.15,-1,-46.5611,-15.159,-1,-46.8744,-15.159,0,360,1440,-0.000635593,359.944,1441,0.249788,0.25,0,1,0,dexela,,,,,
142,2023-11-13 10:28:25,162,407.0,407.0,-1.83105e-07,0.25,-1,-46.5611,-15.159,-1,-46.5611,-15.159,0,360,1440,-0.000635593,359.944,1441,0.249788,0.25,0,1,0,dexela,,,,,
143,2023-11-13 10:36:07,163,408.0,408.0,-1.83105e-07,0.35,-1,-46.5611,-15.159,-1,-46.8744,-15.159,0,360,1440,-0.000635593,359.944,1441,0.249788,0.25,0,1,0,dexela,,,,,
144,2023-11-13 11:06:25,166,411.0,411.0,-1.83105e-07,-0.35,-1,-48.1277,-15.1609,-1,-48.1277,-15.1609,0,360,1440,-0.000635593,359.944,1441,0.249788,0.25,0,1,0,dexela,,,,,
145,2023-11-13 11:14:08,167,412.0,412.0,-1.83105e-07,-0.25,-1,-48.1277,-15.1609,-1,-47.8143,-15.1609,0,360,1440,-0.000635593,359.944,1441,0.249788,0.25,0,1,0,dexela,,,,,
146,2023-11-13 11:21:50,168,413.0,413.0,-1.83105e-07,-0.15,-1,-48.1277,-15.1609,-1,-48.1277,-15.1609,0,360,1440,-0.000635593,359.944,1441,0.249788,0.25,0,1,0,dexela,,,,,
147,2023-11-13 11:29:38,169,414.0,414.0,-1.83105e-07,-0.05,-1,-47.8143,-15.1609,-1,-48.1277,-15.1609,0,360,1440,-0.000635593,359.944,1441,0.249788,0.25,0,1,0,dexela,,,,,
148,2023-11-13 11:37:22,170,415.0,415.0,-1.83105e-07,0.05,-1,-47.8143,-15.1609,-1,-47.8143,-15.1609,0,360,1440,-0.000635593,359.944,1441,0.249788,0.25,0,1,0,dexela,,,,,
149,2023-11-13 11:45:11,171,416.0,416.0,-1.83105e-07,0.15,-1,-48.1277,-15.1609,-1,-47.8143,-15.1609,0,360,1440,-0.000635593,359.944,1441,0.249788,0.25,0,1,0,dexela,,,,,
150,2023-11-13 11:53:06,172,417.0,417.0,-1.83105e-07,0.25,-1,-47.501,-15.1609,-1,-47.501,-15.1609,0,360,1440,-0.000635593,359.944,1441,0.249788,0.25,0,1,0,dexela,,,,,
151,2023-11-13 12:00:47,173,418.0,418.0,-1.83105e-07,0.35,-1,-47.501,-15.1609,-1,-47.501,-15.1609,0,360,1440,-0.000635593,359.944,1441,0.249788,0.25,0,1,0,dexela,,,,,
152,2023-11-13 12:20:56,175,420.0,420.0,-1.83105e-07,-0.35,-1,-47.8143,-15.1637,-1,-48.1277,-15.1637,0,360,1440,-0.000635593,359.944,1441,0.249788,0.25,0,1,0,dexela,,,,,
153,2023-11-13 12:28:36,176,421.0,421.0,-1.83105e-07,-0.25,-1,-47.8143,-15.1637,-1,-47.8143,-15.1637,0,360,1440,-0.000635593,359.944,1441,0.249788,0.25,0,1,0,dexela,,,,,
154,2023-11-13 12:36:27,177,422.0,422.0,-1.83105e-07,-0.15,-1,-47.8143,-15.1637,-1,-48.1277,-15.1637,0,360,1440,-0.000635593,359.944,1441,0.249788,0.25,0,1,0,dexela,,,,,
155,2023-11-13 12:44:13,178,423.0,423.0,-1.83105e-07,-0.05,-1,-47.8143,-15.1637,-1,-47.501,-15.1637,0,360,1440,-0.000635593,359.944,1441,0.249788,0.25,0,1,0,dexela,,,,,
156,2023-11-13 12:51:54,179,424.0,424.0,-1.83105e-07,0.05,-1,-47.501,-15.1637,-1,-47.501,-15.1637,0,360,1440,-0.000635593,359.944,1441,0.249788,0.25,0,1,0,dexela,,,,,
157,2023-11-13 12:59:48,180,425.0,425.0,-1.83105e-07,0.15,-1,-47.1877,-15.1637,-1,-47.501,-15.1637,0,360,1440,-0.000635593,359.944,1441,0.249788,0.25,0,1,0,dexela,,,,,
158,2023-11-13 13:07:34,181,426.0,426.0,-1.83105e-07,0.25,-1,-47.1877,-15.1637,-1,-47.1877,-15.1637,0,360,1440,-0.000635593,359.944,1441,0.249788,0.25,0,1,0,dexela,,,,,
159,2023-11-13 13:15:15,182,427.0,427.0,-1.83105e-07,0.35,-1,-47.501,-15.1637,-1,-47.8143,-15.1637,0,360,1440,-0.000635593,359.944,1441,0.249788,0.25,0,1,0,dexela,,,,,
160,2023-11-13 13:38:59,184,429.0,429.0,-1.83105e-07,-0.35,-1,-49.0676,-15.1655,-1,-49.6942,-15.1655,0,360,1440,-0.000635593,359.944,1441,0.249788,0.25,0,1,0,dexela,,,,,
161,2023-11-13 13:46:55,185,430.0,430.0,-1.83105e-07,-0.25,-1,-50.0075,-15.1655,-1,-50.0075,-15.1655,0,360,1440,-0.000635593,359.944,1441,0.249788,0.25,0,1,0,dexela,,,,,
162,2023-11-13 13:54:35,186,431.0,431.0,-1.83105e-07,-0.15,-1,-49.6942,-15.1655,-1,-49.6942,-15.1655,0,360,1440,-0.000635593,359.944,1441,0.249788,0.25,0,1,0,dexela,,,,,
163,2023-11-13 14:02:16,187,432.0,432.0,-1.83105e-07,-0.05,-1,-49.3809,-15.1655,-1,-49.3809,-15.1655,0,360,1440,-0.000635593,359.944,1441,0.249788,0.25,0,1,0,dexela,,,,,
164,2023-11-13 14:10:06,188,433.0,433.0,-1.83105e-07,0.05,-1,-49.3809,-15.1655,-1,-49.0676,-15.1655,0,360,1440,-0.000635593,359.944,1441,0.249788,0.25,0,1,0,dexela,,,,,
165,2023-11-13 14:17:49,189,434.0,434.0,-1.83105e-07,0.15,-1,-49.3809,-15.1655,-1,-49.3809,-15.1655,0,360,1440,-0.000635593,359.944,1441,0.249788,0.25,0,1,0,dexela,,,,,
166,2023-11-13 14:25:32,190,435.0,435.0,-1.83105e-07,0.25,-1,-49.3809,-15.1655,-1,-49.0676,-15.1655,0,360,1440,-0.000635593,359.944,1441,0.249788,0.25,0,1,0,dexela,,,,,
167,2023-11-13 14:33:13,191,436.0,436.0,-1.83105e-07,0.35,-1,-49.0676,-15.1655,-1,-49.3809,-15.1655,0,360,1440,-0.000635593,359.944,1441,0.249788,0.25,0,1,0,dexela,,,,,
168,2023-11-13 14:54:08,193,438.0,438.0,-1.83105e-07,-0.35,-1,-50.3208,-15.1674,-1,-50.9475,-15.1674,0,360,1440,-0.000635593,359.944,1441,0.249788,0.25,0,1,0,dexela,,,,,
169,2023-11-13 15:01:54,194,439.0,439.0,-1.83105e-07,-0.25,-1,-50.9475,-15.1674,-1,-51.2608,-15.1674,0,360,1440,-0.000635593,359.944,1441,0.249788,0.25,0,1,0,dexela,,,,,
170,2023-11-13 15:09:33,195,440.0,440.0,-1.83105e-07,-0.15,-1,-50.9475,-15.1674,-1,-50.6341,-15.1674,0,360,1440,-0.000635593,359.944,1441,0.249788,0.25,0,1,0,dexela,,,,,
171,2023-11-13 15:17:26,196,441.0,441.0,-1.83105e-07,-0.05,-1,-50.6341,-15.1674,-1,-50.3208,-15.1674,0,360,1440,-0.000635593,359.944,1441,0.249788,0.25,0,1,0,dexela,,,,,
172,2023-11-13 15:25:13,197,442.0,442.0,-1.83105e-07,0.05,-1,-50.3208,-15.1674,-1,-50.0075,-15.1674,0,360,1440,-0.000635593,359.944,1441,0.249788,0.25,0,1,0,dexela,,,,,
173,2023-11-13 15:32:55,198,443.0,443.0,-1.83105e-07,0.15,-1,-50.3208,-15.1674,-1,-50.3208,-15.1674,0,360,1440,-0.000635593,359.944,1441,0.249788,0.25,0,1,0,dexela,,,,,
174,2023-11-13 15:40:53,199,444.0,444.0,-1.83105e-07,0.25,-1,-50.0075,-15.1674,-1,-50.0075,-15.1674,0,360,1440,-0.000635593,359.944,1441,0.249788,0.25,0,1,0,dexela,,,,,
175,2023-11-13 15:48:42,200,445.0,445.0,-1.83105e-07,0.35,-1,-50.0075,-15.1674,-1,-50.0075,-15.1674,0,360,1440,-0.000635593,359.944,1441,0.249788,0.25,0,1,0,dexela,,,,,
176,2023-11-13 16:11:13,203,448.0,448.0,-1.83105e-07,-0.35,-1,-47.8143,-15.1701,-1,-48.441,-15.1701,0,360,1440,-0.000635593,359.944,1441,0.249788,0.25,0,1,0,dexela,,,,,
177,2023-11-13 16:18:54,204,449.0,449.0,-1.83105e-07,-0.25,-1,-48.441,-15.1701,-1,-48.441,-15.1701,0,360,1440,-0.000635593,359.944,1441,0.249788,0.25,0,1,0,dexela,,,,,
178,2023-11-13 16:26:46,205,450.0,450.0,-1.83105e-07,-0.15,-1,-48.441,-15.1701,-1,-48.441,-15.1701,0,360,1440,-0.000635593,359.944,1441,0.249788,0.25,0,1,0,dexela,,,,,
179,2023-11-13 16:34:32,206,451.0,451.0,-1.83105e-07,-0.05,-1,-48.441,-15.1701,-1,-48.1277,-15.1701,0,360,1440,-0.000635593,359.944,1441,0.249788,0.25,0,1,0,dexela,,,,,
180,2023-11-13 16:42:25,207,452.0,452.0,-1.83105e-07,0.05,-1,-47.8143,-15.1701,-1,-47.8143,-15.1701,0,360,1440,-0.000635593,359.944,1441,0.249788,0.25,0,1,0,dexela,,,,,
181,2023-11-13 16:50:05,208,453.0,453.0,-1.83105e-07,0.15,-1,-47.1877,-15.1701,-1,-47.501,-15.1701,0,360,1440,-0.000635593,359.944,1441,0.249788,0.25,0,1,0,dexela,,,,,
182,2023-11-13 16:57:58,209,454.0,454.0,-1.83105e-07,0.25,-1,-47.501,-15.1701,-1,-47.8143,-15.1701,0,360,1440,-0.000635593,359.944,1441,0.249788,0.25,0,1,0,dexela,,,,,
183,2023-11-13 17:05:42,210,455.0,455.0,-1.83105e-07,0.35,-1,-47.8143,-15.1701,-1,-47.8143,-15.1701,0,360,1440,-0.000635593,359.944,1441,0.249788,0.25,0,1,0,dexela,,,,,
184,2023-11-13 17:23:46,212,457.0,457.0,-1.83105e-07,-0.35,-1,-52.8273,-15.1724,-1,-52.514,-15.1724,0,360,1440,-0.000635593,359.944,1441,0.249788,0.25,0,1,0,dexela,,,,,
185,2023-11-13 17:31:36,213,458.0,458.0,-1.83105e-07,-0.25,-1,-52.514,-15.1724,-1,-52.2007,-15.1724,0,360,1440,-0.000635593,359.944,1441,0.249788,0.25,0,1,0,dexela,,,,,
186,2023-11-13 17:39:19,214,459.0,459.0,-1.83105e-07,-0.15,-1,-52.2007,-15.1724,-1,-52.2007,-15.1724,0,360,1440,-0.000635593,359.944,1441,0.249788,0.25,0,1,0,dexela,,,,,
187,2023-11-13 17:47:00,215,460.0,460.0,-1.83105e-07,-0.05,-1,-52.2007,-15.1724,-1,-52.2007,-15.1724,0,360,1440,-0.000635593,359.944,1441,0.249788,0.25,0,1,0,dexela,,,,,
188,2023-11-13 17:54:42,216,461.0,461.0,-1.83105e-07,0.05,-1,-52.2007,-15.1724,-1,-51.8874,-15.1724,0,360,1440,-0.000635593,359.944,1441,0.249788,0.25,0,1,0,dexela,,,,,
189,2023-11-13 18:02:36,217,462.0,462.0,-1.83105e-07,0.15,-1,-52.2007,-15.1724,-1,-52.2007,-15.1724,0,360,1440,-0.000635593,359.944,1441,0.249788,0.25,0,1,0,dexela,,,,,
190,2023-11-13 18:10:25,218,463.0,463.0,-1.83105e-07,0.25,-1,-51.8874,-15.1724,-1,-51.8874,-15.1724,0,360,1440,-0.000635593,359.944,1441,0.249788,0.25,0,1,0,dexela,,,,,
191,2023-11-13 18:18:16,219,464.0,464.0,-1.83105e-07,0.35,-1,-51.8874,-15.1724,-1,-51.8874,-15.1724,0,360,1440,-0.000635593,359.944,1441,0.249788,0.25,0,1,0,dexela,,,,,
192,2023-11-13 18:36:26,221,466.0,466.0,-1.83105e-07,-0.35,-1,-49.3809,-15.1743,-1,-49.6942,-15.1743,0,360,1440,-0.000635593,359.944,1441,0.249788,0.25,0,1,0,dexela,,,,,
193,2023-11-13 18:44:18,222,467.0,467.0,-1.83105e-07,-0.25,-1,-50.0075,-15.1743,-1,-50.0075,-15.1743,0,360,1440,-0.000635593,359.944,1441,0.249788,0.25,0,1,0,dexela,,,,,
194,2023-11-13 18:52:03,223,468.0,468.0,-1.83105e-07,-0.15,-1,-49.6942,-15.1743,-1,-50.0075,-15.1743,0,360,1440,-0.000635593,359.944,1441,0.249788,0.25,0,1,0,dexela,,,,,
195,2023-11-13 18:59:49,224,469.0,469.0,-1.83105e-07,-0.05,-1,-49.3809,-15.1743,-1,-49.6942,-15.1743,0,360,1440,-0.000635593,359.944,1441,0.249788,0.25,0,1,0,dexela,,,,,
196,2023-11-13 19:07:36,225,470.0,470.0,-1.83105e-07,0.05,-1,-49.6942,-15.1743,-1,-49.3809,-15.1743,0,360,1440,-0.000635593,359.944,1441,0.249788,0.25,0,1,0,dexela,,,,,
197,2023-11-13 19:15:17,226,471.0,471.0,-1.83105e-07,0.15,-1,-49.3809,-15.1743,-1,-49.3809,-15.1743,0,360,1440,-0.000635593,359.944,1441,0.249788,0.25,0,1,0,dexela,,,,,
198,2023-11-13 19:23:03,227,472.0,472.0,-1.83105e-07,0.25,-1,-49.3809,-15.1743,-1,-49.3809,-15.1743,0,360,1440,-0.000635593,359.944,1441,0.249788,0.25,0,1,0,dexela,,,,,
199,2023-11-13 19:30:46,228,473.0,473.0,-1.83105e-07,0.35,-1,-49.3809,-15.1743,-1,-49.3809,-15.1743,0,360,1440,-0.000635593,359.944,1441,0.249788,0.25,0,1,0,dexela,,,,,
0,2023-11-13 21:12:48,238,,,,,-1,-50.0075,-15.1743,-1,-48.441,-15.1743,0,90,360,-0.000635593,89.9231,360,0.249788,4.0,0,1,0,retiga,37138.0,37142.0,-1.83105e-07,-0.2375,
1,2023-11-13 21:38:23,239,,,,,-1,-48.441,-15.1743,-1,-50.3208,-15.1743,90,180,360,89.9994,179.923,360,0.249788,4.0,0,1,0,retiga,37504.0,37508.0,-1.83105e-07,-0.2375,
2,2023-11-13 22:03:59,240,,,,,-1,-50.0075,-15.1743,-1,-50.3208,-15.1743,180,270,360,179.999,269.923,360,0.249788,4.0,0,1,0,retiga,37870.0,37874.0,-1.83105e-07,-0.2375,
3,2023-11-13 22:29:34,241,,,,,-1,-50.6341,-15.1743,-1,-49.6942,-15.1743,270,360,360,269.999,359.923,360,0.249788,4.0,0,1,0,retiga,38236.0,38240.0,-1.83105e-07,-0.2375,
4,2023-11-13 22:56:24,242,,,,,-1,-49.6942,-15.1743,-1,-48.7543,-15.1743,0,90,360,-0.000635593,89.9231,360,0.249788,4.0,0,1,0,retiga,38602.0,38606.0,-1.83105e-07,-0.1425,
5,2023-11-13 23:21:59,243,,,,,-1,-48.441,-15.1743,-1,-50.6341,-15.1743,90,180,360,89.9994,179.923,360,0.249788,4.0,0,1,0,retiga,38968.0,38972.0,-1.83105e-07,-0.1425,
6,2023-11-13 23:47:35,244,,,,,-1,-50.6341,-15.1743,-1,-50.6341,-15.1743,180,270,360,179.999,269.923,360,0.249788,4.0,0,1,0,retiga,39334.0,39338.0,-1.83105e-07,-0.1425,
7,2023-11-14 00:13:11,245,,,,,-1,-50.3208,-15.1743,-1,-50.0075,-15.1743,270,360,360,269.999,359.923,360,0.249788,4.0,0,1,0,retiga,39700.0,39704.0,-1.83105e-07,-0.1425,
8,2023-11-14 00:40:00,246,,,,,-1,-50.0075,-15.1743,-1,-48.7543,-15.1743,0,90,360,-0.000635593,89.9231,360,0.249788,4.0,0,1,0,retiga,40066.0,40070.0,-1.83105e-07,-0.0475,
9,2023-11-14 01:05:36,247,,,,,-1,-48.441,-15.1743,-1,-50.3208,-15.1743,90,180,360,89.9994,179.923,360,0.249788,4.0,0,1,0,retiga,40432.0,40436.0,-1.83105e-07,-0.0475,
10,2023-11-14 01:31:12,248,,,,,-1,-50.3208,-15.1743,-1,-50.9475,-15.1743,180,270,360,179.999,269.923,360,0.249788,4.0,0,1,0,retiga,40798.0,40802.0,-1.83105e-07,-0.0475,
11,2023-11-14 01:56:47,249,,,,,-1,-50.6341,-15.1743,-1,-50.0075,-15.1743,270,360,360,269.999,359.923,360,0.249788,4.0,0,1,0,retiga,41164.0,41168.0,-1.83105e-07,-0.0475,
12,2023-11-14 02:23:37,250,,,,,-1,-50.0075,-15.1743,-1,-49.0676,-15.1743,0,90,360,-0.000635593,89.9231,360,0.249788,4.0,0,1,0,retiga,41530.0,41534.0,-1.83105e-07,0.0475,
13,2023-11-14 02:49:13,251,,,,,-1,-48.7543,-15.1743,-1,-50.3208,-15.1743,90,180,360,89.9994,179.923,360,0.249788,4.0,0,1,0,retiga,41896.0,41900.0,-1.83105e-07,0.0475,
14,2023-11-14 03:14:48,252,,,,,-1,-50.6341,-15.1743,-1,-50.6341,-15.1743,180,270,360,179.999,269.923,360,0.249788,4.0,0,1,0,retiga,42262.0,42266.0,-1.83105e-07,0.0475,
0,2023-11-14 06:03:09,1,474.0,474.0,-1.83105e-07,-0.35,-1,-3.95095,-15.1526,-1,-4.57757,-15.1526,0,360,1440,-0.000635593,359.944,1441,0.249788,0.25,0,1,0,dexela,,,,,
1,2023-11-14 06:10:51,2,475.0,475.0,-1.83105e-07,-0.25,-1,-4.57757,-15.1526,-1,-4.89088,-15.1526,0,360,1440,-0.000635593,359.944,1441,0.249788,0.25,0,1,0,dexela,,,,,
2,2023-11-14 06:18:37,3,476.0,476.0,-1.83105e-07,-0.15,-1,-4.57757,-15.1526,-1,-4.89088,-15.1526,0,360,1440,-0.000635593,359.944,1441,0.249788,0.25,0,1,0,dexela,,,,,
3,2023-11-14 06:26:20,4,477.0,477.0,-1.83105e-07,-0.05,-1,-4.57757,-15.1526,-1,-4.89088,-15.1526,0,360,1440,-0.000635593,359.944,1441,0.249788,0.25,0,1,0,dexela,,,,,
4,2023-11-14 06:34:09,5,478.0,478.0,-1.83105e-07,0.05,-1,-4.89088,-15.1526,-1,-4.89088,-15.1526,0,360,1440,-0.000635593,359.944,1441,0.249788,0.25,0,1,0,dexela,,,,,
5,2023-11-14 06:42:04,6,479.0,479.0,-1.83105e-07,0.15,-1,-4.89088,-15.1526,-1,-4.57757,-15.1526,0,360,1440,-0.000635593,359.944,1441,0.249788,0.25,0,1,0,dexela,,,,,
6,2023-11-14 06:49:47,7,480.0,480.0,-1.83105e-07,0.25,-1,-5.20419,-15.1526,-1,-4.89088,-15.1526,0,360,1440,-0.000635593,359.944,1441,0.249788,0.25,0,1,0,dexela,,,,,
7,2023-11-14 07:05:13,9,482.0,482.0,-1.83105e-07,0.35,-1,-4.89088,-15.1526,-1,-5.20419,-15.1526,0,360,1440,-0.000635593,359.944,1441,0.249788,0.25,0,1,0,dexela,,,,,
