,date,filenumber,TEN,load_newtons,ome,ramsx,ramsz,load_step,MECHTEST_CYCLE_NUM
0,2023-11-09 09:48:11,10619,-14.926,1.06201,-1.15093,-1.83105e-07,0,0,1
1,2023-11-09 09:48:15,10620,-14.926,1.37532,-1.15093,-1.83105e-07,0,0,1
2,2023-11-09 09:50:43,10621,-14.926,1.06201,-1.15093,-1.83105e-07,0,0,1
3,2023-11-09 09:50:47,10622,-14.926,1.06201,-1.15093,-1.83105e-07,0,0,1
4,2023-11-09 09:51:04,10623,-14.926,1.06201,-1.15093,-1.83105e-07,0,0,1
0,2023-11-09 09:58:15,10624,-14.926,0.7487,-1.15093,-1.83105e-07,0,0,1
1,2023-11-09 09:58:22,10625,-14.926,0.7487,-1.15093,-1.83105e-07,0,0,1
2,2023-11-09 10:11:48,10626,-14.926,0.7487,-1.15093,-1.83105e-07,0,0,1
3,2023-11-09 10:14:31,10627,-14.926,0.7487,-1.15093,-1.83105e-07,0,0,1
4,2023-11-09 10:25:45,10628,-14.925,2.31525,-1.15093,-1.83105e-07,0,0,1
5,2023-11-09 10:25:51,10629,-14.925,2.31525,-1.15093,-1.83105e-07,0,0,1
6,2023-11-09 10:28:16,10630,-14.9251,2.31525,-1.15093,-1.83105e-07,0,0,1
7,2023-11-09 10:28:22,10631,-14.9251,2.00194,-1.15093,-1.83105e-07,0,0,1
8,2023-11-09 10:28:55,10632,-14.9251,2.31525,-1.15093,-1.83105e-07,0,0,1
9,2023-11-09 11:59:11,10633,-14.9242,3.25518,-1.16962,-1.83105e-07,0,0,1
10,2023-11-09 11:59:18,10634,-14.9242,3.25518,-1.16962,-1.83105e-07,0,0,1
11,2023-11-09 12:02:37,10635,-14.9243,3.25518,-1.16924,-1.83105e-07,0,0,1
12,2023-11-09 12:02:44,10636,-14.9243,3.25518,-1.16924,-1.83105e-07,0,0,1
13,2023-11-09 12:03:29,10637,-14.9245,2.94187,-1.16924,-1.83105e-07,0,0,1
14,2023-11-09 12:03:36,10638,-14.9245,2.94187,-1.16924,-1.83105e-07,0,0,1
15,2023-11-09 12:04:40,10639,-14.9249,2.00194,-1.16924,-1.83105e-07,0,0,1
16,2023-11-09 12:04:47,10640,-14.9249,2.31525,-1.16924,-1.83105e-07,0,0,1
17,2023-11-09 12:14:21,10641,-14.924,3.8818,-1.16924,-1.83105e-07,0,0,1
18,2023-11-09 12:14:28,10642,-14.924,3.56849,-1.16924,-1.83105e-07,0,0,1
19,2023-11-09 12:14:48,10643,-14.923,5.13504,-1.16924,-1.83105e-07,0,0,1
20,2023-11-09 12:14:55,10644,-14.923,5.13504,-1.16924,-1.83105e-07,0,0,1
21,2023-11-09 12:17:31,10645,-14.922,6.70159,-1.16924,-1.83105e-07,0,0,1
22,2023-11-09 12:17:38,10646,-14.922,6.70159,-1.16924,-1.83105e-07,0,0,1
23,2023-11-09 12:17:59,10647,-14.9211,8.89476,-1.16924,-1.83105e-07,0,0,1
24,2023-11-09 12:18:06,10648,-14.9211,8.58145,-1.16924,-1.83105e-07,0,0,1
25,2023-11-09 12:20:02,10649,-14.9201,10.7746,-1.16924,-1.83105e-07,0,0,1
26,2023-11-09 12:20:09,10650,-14.9201,10.7746,-1.16924,-1.83105e-07,0,0,1
27,2023-11-09 12:21:37,10651,-14.9191,12.3412,-1.16924,-1.83105e-07,0,0,1
28,2023-11-09 12:21:44,10652,-14.9191,12.0279,-1.16924,-1.83105e-07,0,0,1
29,2023-11-09 12:29:47,10653,-14.9193,12.0279,-1.16924,-1.83105e-07,0,0,1
30,2023-11-09 12:29:54,10654,-14.9193,12.0279,-1.16924,-1.83105e-07,0,0,1
31,2023-11-09 12:30:56,10655,-14.9194,12.0279,-1.16924,-1.83105e-07,0,0,1
32,2023-11-09 12:31:03,10656,-14.9194,12.0279,-1.16924,-1.83105e-07,0,0,1
33,2023-11-09 12:32:34,10657,-14.9199,10.7746,-1.16924,-1.83105e-07,0,0,1
34,2023-11-09 12:32:41,10658,-14.9199,11.0879,-1.16924,-1.83105e-07,0,0,1
35,2023-11-09 14:21:52,10659,-14.9189,10.4613,-1.16924,-1.83105e-07,0,0,1
36,2023-11-09 14:21:59,10660,-14.9189,10.4613,-1.16924,-1.83105e-07,0,0,1
37,2023-11-09 14:23:14,10661,-14.9179,12.6545,-1.16886,-1.83105e-07,0,0,1
38,2023-11-09 14:23:21,10662,-14.9179,12.6545,-1.16886,-1.83105e-07,0,0,1
39,2023-11-09 14:23:58,10663,-14.9169,14.8476,-1.16886,-1.83105e-07,0,0,1
40,2023-11-09 14:24:05,10664,-14.9169,14.8476,-1.16886,-1.83105e-07,0,0,1
41,2023-11-09 14:25:18,10665,-14.916,16.7275,-1.16886,-1.83105e-07,0,0,1
42,2023-11-09 14:25:25,10666,-14.916,16.7275,-1.16886,-1.83105e-07,0,0,1
43,2023-11-09 14:25:45,10667,-14.915,18.9207,-1.16886,-1.83105e-07,0,0,1
44,2023-11-09 14:25:52,10668,-14.915,18.9207,-1.16886,-1.83105e-07,0,0,1
45,2023-11-09 14:26:10,10669,-14.914,20.4872,-1.16886,-1.83105e-07,0,0,1
46,2023-11-09 14:26:17,10670,-14.914,20.4872,-1.16886,-1.83105e-07,0,0,1
47,2023-11-09 14:26:33,10671,-14.9131,22.3671,-1.16886,-1.83105e-07,0,0,1
48,2023-11-09 14:26:40,10672,-14.9131,22.6804,-1.16886,-1.83105e-07,0,0,1
49,2023-11-09 14:27:07,10673,-14.9121,24.2469,-1.16886,-1.83105e-07,0,0,1
50,2023-11-09 14:27:14,10674,-14.9121,23.9336,-1.16886,-1.83105e-07,0,0,1
51,2023-11-09 14:27:30,10675,-14.9111,25.8135,-1.16886,-1.83105e-07,0,0,1
52,2023-11-09 14:27:37,10676,-14.9111,25.8135,-1.16886,-1.83105e-07,0,0,1
53,2023-11-09 14:28:22,10677,-14.9102,28.0067,-1.16886,-1.83105e-07,0,0,1
54,2023-11-09 14:28:29,10678,-14.9102,27.0667,-1.16886,-1.83105e-07,0,0,1
55,2023-11-09 14:28:51,10679,-14.9092,29.2599,-1.16886,-1.83105e-07,0,0,1
56,2023-11-09 14:28:58,10680,-14.9092,29.2599,-1.16886,-1.83105e-07,0,0,1
57,2023-11-09 14:29:15,10681,-14.9082,30.5131,-1.16886,-1.83105e-07,0,0,1
58,2023-11-09 14:29:22,10682,-14.9082,30.5131,-1.16886,-1.83105e-07,0,0,1
59,2023-11-09 14:30:09,10683,-14.9072,32.7063,-1.16886,-1.83105e-07,0,0,1
60,2023-11-09 14:30:16,10684,-14.9072,32.0797,-1.16886,-1.83105e-07,0,0,1
61,2023-11-09 14:30:37,10685,-14.9063,33.9596,-1.16886,-1.83105e-07,0,0,1
62,2023-11-09 14:30:44,10686,-14.9063,33.6463,-1.16886,-1.83105e-07,0,0,1
63,2023-11-09 14:32:09,10687,-14.9067,33.0196,-1.16886,-1.83105e-07,0,0,1
64,2023-11-09 14:32:16,10688,-14.9067,33.0196,-1.16886,-1.83105e-07,0,0,1
65,2023-11-09 14:32:53,10689,-14.9072,31.4531,-1.16886,-1.83105e-07,0,0,1
66,2023-11-09 14:33:00,10690,-14.9072,31.7664,-1.16886,-1.83105e-07,0,0,1
67,2023-11-09 14:33:13,10691,-14.9077,30.8265,-1.16886,-1.83105e-07,0,0,1
68,2023-11-09 14:33:20,10692,-14.9077,30.5131,-1.16886,-1.83105e-07,0,0,1
69,2023-11-09 14:33:36,10693,-14.9081,29.5732,-1.16886,-1.83105e-07,0,0,1
70,2023-11-09 14:33:43,10694,-14.9081,29.8865,-1.16886,-1.83105e-07,0,0,1
71,2023-11-09 14:34:06,10695,-14.9086,28.9466,-1.16886,-1.83105e-07,0,0,1
72,2023-11-09 14:34:13,10696,-14.9086,28.32,-1.16886,-1.83105e-07,0,0,1
73,2023-11-09 15:45:18,10697,-14.9076,28.32,-1.16962,-1.83105e-07,0,0,1
74,2023-11-09 15:45:25,10698,-14.9076,28.32,-1.16924,-1.83105e-07,0,0,1
75,2023-11-09 15:46:19,10699,-14.9066,30.8265,-1.16924,-1.83105e-07,0,0,1
76,2023-11-09 15:46:26,10700,-14.9066,30.8265,-1.16924,-1.83105e-07,0,0,1
77,2023-11-09 15:46:41,10701,-14.9056,33.0196,-1.16924,-1.83105e-07,0,0,1
78,2023-11-09 15:46:48,10702,-14.9056,33.0196,-1.16924,-1.83105e-07,0,0,1
79,2023-11-09 15:47:01,10703,-14.9047,34.8995,-1.16924,-1.83105e-07,0,0,1
80,2023-11-09 15:47:08,10704,-14.9047,35.2128,-1.16924,-1.83105e-07,0,0,1
81,2023-11-09 15:47:40,10705,-14.9027,38.6592,-1.16886,-1.83105e-07,0,0,1
82,2023-11-09 15:47:47,10706,-14.9027,38.6592,-1.16886,-1.83105e-07,0,0,1
83,2023-11-09 15:48:03,10707,-14.9007,41.7923,-1.16886,-1.83105e-07,0,0,1
84,2023-11-09 15:48:10,10708,-14.9007,41.479,-1.16886,-1.83105e-07,0,0,1
85,2023-11-09 15:48:29,10709,-14.8987,44.6121,-1.16886,-1.83105e-07,0,0,1
86,2023-11-09 15:48:36,10710,-14.8987,44.2988,-1.16886,-1.83105e-07,0,0,1
87,2023-11-09 15:48:55,10711,-14.8968,47.1186,-1.16886,-1.83105e-07,0,0,1
88,2023-11-09 15:49:02,10712,-14.8968,47.4319,-1.16886,-1.83105e-07,0,0,1
89,2023-11-09 15:49:28,10713,-14.8948,49.9384,-1.16886,-1.83105e-07,0,0,1
90,2023-11-09 15:49:35,10714,-14.8948,49.9384,-1.16886,-1.83105e-07,0,0,1
91,2023-11-09 15:49:55,10715,-14.8928,53.0715,-1.16886,-1.83105e-07,0,0,1
92,2023-11-09 15:50:02,10716,-14.8928,52.7582,-1.16886,-1.83105e-07,0,0,1
93,2023-11-09 15:50:18,10717,-14.8908,55.578,-1.16886,-1.83105e-07,0,0,1
94,2023-11-09 15:50:25,10718,-14.8908,55.2646,-1.16886,-1.83105e-07,0,0,1
95,2023-11-09 15:50:41,10719,-14.8889,58.0844,-1.16886,-1.83105e-07,0,0,1
96,2023-11-09 15:50:48,10720,-14.8889,57.7711,-1.16886,-1.83105e-07,0,0,1
97,2023-11-09 15:51:28,10721,-14.8869,60.5909,-1.16886,-1.83105e-07,0,0,1
98,2023-11-09 15:51:35,10722,-14.8869,60.5909,-1.16886,-1.83105e-07,0,0,1
99,2023-11-09 15:52:49,10723,-14.8878,58.3977,-1.16886,-1.83105e-07,0,0,1
100,2023-11-09 15:52:56,10724,-14.8878,58.3977,-1.16886,-1.83105e-07,0,0,1
101,2023-11-09 15:53:15,10725,-14.8888,55.8913,-1.16886,-1.83105e-07,0,0,1
102,2023-11-09 15:53:22,10726,-14.8888,56.2046,-1.16886,-1.83105e-07,0,0,1
103,2023-11-09 15:53:39,10727,-14.8897,54.0114,-1.16886,-1.83105e-07,0,0,1
104,2023-11-09 15:53:46,10728,-14.8897,54.0114,-1.16886,-1.83105e-07,0,0,1
105,2023-11-09 15:54:02,10729,-14.8907,51.5049,-1.16886,-1.83105e-07,0,0,1
106,2023-11-09 15:54:09,10730,-14.8907,51.1916,-1.16886,-1.83105e-07,0,0,1
107,2023-11-09 17:04:46,10731,-14.8887,54.0114,-1.16924,-1.83105e-07,0,0,1
108,2023-11-09 17:04:53,10732,-14.8887,54.0114,-1.16924,-1.83105e-07,0,0,1
109,2023-11-09 17:05:54,10733,-14.8868,58.3977,-1.16886,-1.83105e-07,0,0,1
110,2023-11-09 17:06:01,10734,-14.8868,58.3977,-1.16886,-1.83105e-07,0,0,1
111,2023-11-09 17:06:27,10735,-14.8848,62.1575,-1.16886,-1.83105e-07,0,0,1
112,2023-11-09 17:06:34,10736,-14.8848,61.8441,-1.16886,-1.83105e-07,0,0,1
113,2023-11-09 17:07:07,10737,-14.8828,64.9772,-1.16886,-1.83105e-07,0,0,1
114,2023-11-09 17:07:14,10738,-14.8828,64.9772,-1.16886,-1.83105e-07,0,0,1
115,2023-11-09 17:07:44,10739,-14.8798,68.737,-1.16886,-1.83105e-07,0,0,1
116,2023-11-09 17:07:51,10740,-14.8798,68.737,-1.16886,-1.83105e-07,0,0,1
117,2023-11-09 17:08:16,10741,-14.8769,72.81,-1.16886,-1.83105e-07,0,0,1
118,2023-11-09 17:08:23,10742,-14.8769,72.1834,-1.16886,-1.83105e-07,0,0,1
119,2023-11-09 17:08:44,10743,-14.8739,76.2564,-1.16886,-1.83105e-07,0,0,1
120,2023-11-09 17:08:51,10744,-14.8739,75.6298,-1.16886,-1.83105e-07,0,0,1
121,2023-11-09 17:09:10,10745,-14.8719,78.4496,-1.16886,-1.83105e-07,0,0,1
122,2023-11-09 17:09:17,10746,-14.8719,78.1363,-1.16886,-1.83105e-07,0,0,1
123,2023-11-09 17:09:33,10747,-14.87,80.3294,-1.16886,-1.83105e-07,0,0,1
124,2023-11-09 17:09:40,10748,-14.87,79.7028,-1.16886,-1.83105e-07,0,0,1
125,2023-11-09 17:09:55,10749,-14.868,82.2093,-1.16886,-1.83105e-07,0,0,1
126,2023-11-09 17:10:02,10750,-14.868,81.896,-1.16886,-1.83105e-07,0,0,1
127,2023-11-09 17:10:25,10751,-14.866,84.0892,-1.16886,-1.83105e-07,0,0,1
128,2023-11-09 17:10:32,10752,-14.866,83.7759,-1.16886,-1.83105e-07,0,0,1
129,2023-11-09 17:11:39,10753,-14.867,80.9561,-1.16886,-1.83105e-07,0,0,1
130,2023-11-09 17:11:46,10754,-14.867,80.6428,-1.16886,-1.83105e-07,0,0,1
131,2023-11-09 17:12:00,10755,-14.8679,78.4496,-1.16886,-1.83105e-07,0,0,1
132,2023-11-09 17:12:07,10756,-14.8679,78.1363,-1.16886,-1.83105e-07,0,0,1
133,2023-11-09 17:12:20,10757,-14.8689,76.5697,-1.16886,-1.83105e-07,0,0,1
134,2023-11-09 17:12:27,10758,-14.8689,76.2564,-1.16886,-1.83105e-07,0,0,1
135,2023-11-09 17:12:47,10759,-14.8698,74.0632,-1.16886,-1.83105e-07,0,0,1
136,2023-11-09 17:12:54,10760,-14.8698,74.0632,-1.16886,-1.83105e-07,0,0,1
137,2023-11-09 17:13:14,10761,-14.8708,71.8701,-1.16886,-1.83105e-07,0,0,1
138,2023-11-09 17:13:21,10762,-14.8708,71.8701,-1.16886,-1.83105e-07,0,0,1
139,2023-11-09 18:24:19,10763,-14.8678,75.9431,-1.16962,-1.83105e-07,0,0,1
140,2023-11-09 18:24:26,10764,-14.8678,75.9431,-1.16962,-1.83105e-07,0,0,1
141,2023-11-09 18:24:52,10765,-14.8648,81.5827,-1.16962,-1.83105e-07,0,0,1
142,2023-11-09 18:24:59,10766,-14.8648,81.2694,-1.16924,-1.83105e-07,0,0,1
143,2023-11-09 18:25:16,10767,-14.8619,85.969,-1.16924,-1.83105e-07,0,0,1
144,2023-11-09 18:25:23,10768,-14.8619,85.3424,-1.16924,-1.83105e-07,0,0,1
145,2023-11-09 18:25:39,10769,-14.8589,88.7888,-1.16924,-1.83105e-07,0,0,1
146,2023-11-09 18:25:46,10770,-14.8589,88.4755,-1.16924,-1.83105e-07,0,0,1
147,2023-11-09 18:26:05,10771,-14.8559,91.2953,-1.16924,-1.83105e-07,0,0,1
148,2023-11-09 18:26:12,10772,-14.8559,90.982,-1.16924,-1.83105e-07,0,0,1
149,2023-11-09 18:26:27,10773,-14.8529,93.8018,-1.16924,-1.83105e-07,0,0,1
150,2023-11-09 18:26:34,10774,-14.8529,93.1752,-1.16924,-1.83105e-07,0,0,1
151,2023-11-09 18:26:48,10775,-14.85,95.9949,-1.16924,-1.83105e-07,0,0,1
152,2023-11-09 18:26:55,10776,-14.85,95.055,-1.16924,-1.83105e-07,0,0,1
153,2023-11-09 18:27:15,10777,-14.847,97.8748,-1.16924,-1.83105e-07,0,0,1
154,2023-11-09 18:27:22,10778,-14.847,97.2482,-1.16924,-1.83105e-07,0,0,1
155,2023-11-09 18:27:42,10779,-14.845,98.5014,-1.16924,-1.83105e-07,0,0,1
156,2023-11-09 18:27:49,10780,-14.845,97.5615,-1.16924,-1.83105e-07,0,0,1
157,2023-11-09 18:28:14,10781,-14.844,98.1881,-1.16924,-1.83105e-07,0,0,1
158,2023-11-09 18:28:21,10782,-14.844,97.2482,-1.16924,-1.83105e-07,0,0,1
159,2023-11-09 18:29:25,10783,-14.845,93.1752,-1.16924,-1.83105e-07,0,0,1
160,2023-11-09 18:29:32,10784,-14.845,93.4885,-1.16924,-1.83105e-07,0,0,1
161,2023-11-09 18:29:54,10785,-14.8469,88.7888,-1.16924,-1.83105e-07,0,0,1
162,2023-11-09 18:30:01,10786,-14.847,88.7888,-1.16924,-1.83105e-07,0,0,1
163,2023-11-09 18:30:17,10787,-14.8489,84.4025,-1.16924,-1.83105e-07,0,0,1
164,2023-11-09 18:30:24,10788,-14.8489,84.0892,-1.16924,-1.83105e-07,0,0,1
165,2023-11-09 18:30:40,10789,-14.8499,81.896,-1.16924,-1.83105e-07,0,0,1
166,2023-11-09 18:30:47,10790,-14.8499,81.896,-1.16924,-1.83105e-07,0,0,1
167,2023-11-09 19:47:02,10791,-14.8479,83.4625,-1.16924,-1.83105e-07,0,0,1
168,2023-11-09 19:47:09,10792,-14.8479,83.1492,-1.16924,-1.83105e-07,0,0,1
169,2023-11-09 19:47:42,10793,-14.8449,89.1021,-1.16924,-1.83105e-07,0,0,1
170,2023-11-09 19:47:49,10794,-14.8449,89.4154,-1.16924,-1.83105e-07,0,0,1
171,2023-11-09 19:48:18,10795,-14.8419,94.1151,-1.16886,-1.83105e-07,0,0,1
172,2023-11-09 19:48:25,10796,-14.8419,94.1151,-1.16886,-1.83105e-07,0,0,1
173,2023-11-09 19:48:48,10797,-14.839,98.1881,-1.16886,-1.83105e-07,0,0,1
174,2023-11-09 19:48:55,10798,-14.839,97.5615,-1.16886,-1.83105e-07,0,0,1
175,2023-11-09 19:49:13,10799,-14.836,100.695,-1.16886,-1.83105e-07,0,0,1
176,2023-11-09 19:49:20,10800,-14.836,100.068,-1.16886,-1.83105e-07,0,0,1
177,2023-11-09 19:49:37,10801,-14.833,102.574,-1.16886,-1.83105e-07,0,0,1
178,2023-11-09 19:49:44,10802,-14.833,101.635,-1.16886,-1.83105e-07,0,0,1
179,2023-11-09 19:50:12,10803,-14.8301,103.828,-1.16886,-1.83105e-07,0,0,1
180,2023-11-09 19:50:19,10804,-14.8301,102.888,-1.16886,-1.83105e-07,0,0,1
181,2023-11-09 19:50:41,10805,-14.8271,104.768,-1.16886,-1.83105e-07,0,0,1
182,2023-11-09 19:50:48,10806,-14.8271,104.141,-1.16886,-1.83105e-07,0,0,1
183,2023-11-09 19:51:20,10807,-14.8251,104.768,-1.16886,-1.83105e-07,0,0,1
184,2023-11-09 19:51:27,10808,-14.8251,104.141,-1.16886,-1.83105e-07,0,0,1
185,2023-11-09 19:52:57,10809,-14.8271,96.9349,-1.16886,-1.83105e-07,0,0,1
186,2023-11-09 19:53:04,10810,-14.8271,96.6216,-1.16886,-1.83105e-07,0,0,1
187,2023-11-09 19:53:28,10811,-14.829,92.5485,-1.16886,-1.83105e-07,0,0,1
188,2023-11-09 19:53:35,10812,-14.829,92.2352,-1.16886,-1.83105e-07,0,0,1
189,2023-11-09 19:54:01,10813,-14.831,87.8489,-1.16886,-1.83105e-07,0,0,1
190,2023-11-09 19:54:08,10814,-14.831,87.8489,-1.16886,-1.83105e-07,0,0,1
191,2023-11-09 21:13:23,10815,-14.8359,73.1233,-1.16962,-1.83105e-07,0,0,1
192,2023-11-09 21:13:30,10816,-14.8359,72.81,-1.16962,-1.83105e-07,0,0,1
193,2023-11-09 21:13:50,10817,-14.8409,62.7841,-1.16962,-1.83105e-07,0,0,1
194,2023-11-09 21:13:57,10818,-14.8409,62.7841,-1.16962,-1.83105e-07,0,0,1
195,2023-11-09 21:14:27,10819,-14.8458,52.7582,-1.16962,-1.83105e-07,0,0,1
196,2023-11-09 21:14:34,10820,-14.8458,53.0715,-1.16962,-1.83105e-07,0,0,1
197,2023-11-09 21:14:54,10821,-14.8508,43.6722,-1.16962,-1.83105e-07,0,0,1
198,2023-11-09 21:15:01,10822,-14.8508,43.9855,-1.16962,-1.83105e-07,0,0,1
199,2023-11-09 21:15:21,10823,-14.8558,34.8995,-1.16962,-1.83105e-07,0,0,1
200,2023-11-09 21:15:28,10824,-14.8558,35.2128,-1.16962,-1.83105e-07,0,0,1
201,2023-11-09 21:15:46,10825,-14.8607,26.4401,-1.16962,-1.83105e-07,0,0,1
202,2023-11-09 21:15:53,10826,-14.8607,26.4401,-1.16962,-1.83105e-07,0,0,1
203,2023-11-09 21:16:13,10827,-14.8657,18.2941,-1.16962,-1.83105e-07,0,0,1
204,2023-11-09 21:16:20,10828,-14.8657,18.9207,-1.16962,-1.83105e-07,0,0,1
205,2023-11-09 21:16:42,10829,-14.8706,11.0879,-1.16962,-1.83105e-07,0,0,1
206,2023-11-09 21:16:49,10830,-14.8706,11.0879,-1.16962,-1.83105e-07,0,0,1
207,2023-11-09 21:17:07,10831,-14.8736,7.32821,-1.16962,-1.83105e-07,0,0,1
208,2023-11-09 21:17:14,10832,-14.8736,7.32821,-1.16962,-1.83105e-07,0,0,1
209,2023-11-09 21:17:32,10833,-14.8765,5.13504,-1.16962,-1.83105e-07,0,0,1
210,2023-11-09 21:17:39,10834,-14.8765,5.13504,-1.16962,-1.83105e-07,0,0,1
211,2023-11-09 21:18:03,10835,-14.8785,3.8818,-1.16962,-1.83105e-07,0,0,1
212,2023-11-09 21:18:10,10836,-14.8785,4.19511,-1.16962,-1.83105e-07,0,0,1
213,2023-11-09 21:18:42,10837,-14.8804,3.56849,-1.16962,-1.83105e-07,0,0,1
214,2023-11-09 21:18:49,10838,-14.8804,3.25518,-1.16962,-1.83105e-07,0,0,1
0,2023-11-09 22:39:09,10839,-15.1029,-0.81785,-0.123559,-1.83105e-07,0,0,1
1,2023-11-09 22:39:19,10840,-15.1029,-1.13116,-0.123941,-1.83105e-07,0,0,1
2,2023-11-09 22:41:41,10841,-15.1029,-0.81785,-0.123941,-1.83105e-07,0,0,1
3,2023-11-09 22:43:17,10842,-15.1049,-5.5175,-0.123941,-1.83105e-07,0,0,1
4,2023-11-09 22:43:23,10843,-15.1049,-5.20419,-0.123941,-1.83105e-07,0,0,1
5,2023-11-09 22:43:52,10844,-15.1069,-10.2172,-0.123941,-1.83105e-07,0,0,1
6,2023-11-09 22:43:58,10845,-15.1069,-10.2172,-0.123941,-1.83105e-07,0,0,1
7,2023-11-09 22:44:09,10846,-15.1088,-13.9769,-0.123941,-1.83105e-07,0,0,1
8,2023-11-09 22:44:15,10847,-15.1088,-14.2902,-0.123941,-1.83105e-07,0,0,1
9,2023-11-09 22:44:35,10848,-15.1108,-18.0499,-0.123941,-1.83105e-07,0,0,1
10,2023-11-09 22:44:41,10849,-15.1108,-18.3632,-0.123941,-1.83105e-07,0,0,1
11,2023-11-09 22:44:53,10850,-15.1127,-22.4362,-0.123941,-1.83105e-07,0,0,1
12,2023-11-09 22:44:59,10851,-15.1127,-22.1229,-0.123941,-1.83105e-07,0,0,1
13,2023-11-09 22:45:12,10852,-15.1147,-26.196,-0.123941,-1.83105e-07,0,0,1
14,2023-11-09 22:45:18,10853,-15.1147,-25.8827,-0.123941,-1.83105e-07,0,0,1
15,2023-11-09 22:45:29,10854,-15.1166,-29.3291,-0.123941,-1.83105e-07,0,0,1
16,2023-11-09 22:45:35,10855,-15.1166,-29.3291,-0.123941,-1.83105e-07,0,0,1
17,2023-11-09 22:45:46,10856,-15.1186,-32.4622,-0.123941,-1.83105e-07,0,0,1
18,2023-11-09 22:45:52,10857,-15.1186,-32.1489,-0.123941,-1.83105e-07,0,0,1
19,2023-11-09 22:46:04,10858,-15.1205,-35.5953,-0.123941,-1.83105e-07,0,0,1
20,2023-11-09 22:46:10,10859,-15.1205,-35.5953,-0.123941,-1.83105e-07,0,0,1
21,2023-11-09 22:46:24,10860,-15.1225,-37.7884,-0.123941,-1.83105e-07,0,0,1
22,2023-11-09 22:46:30,10861,-15.1225,-38.1017,-0.123941,-1.83105e-07,0,0,1
23,2023-11-09 22:46:44,10862,-15.1244,-39.9816,-0.123941,-1.83105e-07,0,0,1
24,2023-11-09 22:46:50,10863,-15.1244,-39.9816,-0.123941,-1.83105e-07,0,0,1
25,2023-11-09 22:47:02,10864,-15.1264,-41.8615,-0.123941,-1.83105e-07,0,0,1
26,2023-11-09 22:47:08,10865,-15.1264,-41.5481,-0.123941,-1.83105e-07,0,0,1
27,2023-11-09 22:47:20,10866,-15.1283,-44.0546,-0.123941,-1.83105e-07,0,0,1
28,2023-11-09 22:47:26,10867,-15.1283,-43.7413,-0.123941,-1.83105e-07,0,0,1
29,2023-11-09 22:47:38,10868,-15.1303,-44.9946,-0.123941,-1.83105e-07,0,0,1
30,2023-11-09 22:47:44,10869,-15.1303,-44.9946,-0.123941,-1.83105e-07,0,0,1
31,2023-11-09 22:47:56,10870,-15.1322,-46.5611,-0.123941,-1.83105e-07,0,0,1
32,2023-11-09 22:48:02,10871,-15.1322,-46.2478,-0.123941,-1.83105e-07,0,0,1
33,2023-11-09 22:48:14,10872,-15.1342,-47.501,-0.123941,-1.83105e-07,0,0,1
34,2023-11-09 22:48:20,10873,-15.1342,-47.1877,-0.123941,-1.83105e-07,0,0,1
35,2023-11-09 22:48:33,10874,-15.1361,-48.441,-0.123941,-1.83105e-07,0,0,1
36,2023-11-09 22:48:39,10875,-15.1361,-48.441,-0.123941,-1.83105e-07,0,0,1
37,2023-11-09 22:48:54,10876,-15.1381,-49.0676,-0.123941,-1.83105e-07,0,0,1
38,2023-11-09 22:49:00,10877,-15.1381,-48.7543,-0.123941,-1.83105e-07,0,0,1
39,2023-11-09 22:49:12,10878,-15.14,-50.0075,-0.123941,-1.83105e-07,0,0,1
40,2023-11-09 22:49:18,10879,-15.14,-50.0075,-0.123941,-1.83105e-07,0,0,1
41,2023-11-09 22:49:30,10880,-15.1419,-50.6341,-0.123941,-1.83105e-07,0,0,1
42,2023-11-09 22:49:36,10881,-15.1419,-50.9475,-0.123941,-1.83105e-07,0,0,1
43,2023-11-09 22:49:48,10882,-15.1439,-51.2608,-0.123941,-1.83105e-07,0,0,1
44,2023-11-09 22:49:54,10883,-15.1439,-51.2608,-0.123941,-1.83105e-07,0,0,1
45,2023-11-09 22:50:06,10884,-15.1458,-52.2007,-0.123941,-1.83105e-07,0,0,1
46,2023-11-09 22:50:12,10885,-15.1458,-52.2007,-0.123941,-1.83105e-07,0,0,1
47,2023-11-09 22:50:24,10886,-15.1478,-52.514,-0.123941,-1.83105e-07,0,0,1
48,2023-11-09 22:50:30,10887,-15.1478,-52.514,-0.123941,-1.83105e-07,0,0,1
49,2023-11-09 22:50:42,10888,-15.1497,-53.7672,-0.123941,-1.83105e-07,0,0,1
50,2023-11-09 22:50:48,10889,-15.1497,-53.4539,-0.123941,-1.83105e-07,0,0,1
51,2023-11-09 22:51:00,10890,-15.1517,-53.7672,-0.123941,-1.83105e-07,0,0,1
52,2023-11-09 22:51:06,10891,-15.1517,-53.7672,-0.123941,-1.83105e-07,0,0,1
53,2023-11-09 22:51:29,10892,-15.1546,-55.3338,-0.123941,-1.83105e-07,0,0,1
54,2023-11-09 22:51:35,10893,-15.1546,-55.0205,-0.123941,-1.83105e-07,0,0,1
55,2023-11-09 22:51:50,10894,-15.1576,-55.6471,-0.123941,-1.83105e-07,0,0,1
56,2023-11-09 22:51:56,10895,-15.1576,-55.6471,-0.123941,-1.83105e-07,0,0,1
57,2023-11-09 22:52:10,10896,-15.1605,-56.2737,-0.123941,-1.83105e-07,0,0,1
58,2023-11-09 22:52:16,10897,-15.1605,-56.2737,-0.123941,-1.83105e-07,0,0,1
59,2023-11-09 22:52:29,10898,-15.1635,-57.2137,-0.123941,-1.83105e-07,0,0,1
60,2023-11-09 22:52:35,10899,-15.1635,-56.9003,-0.123941,-1.83105e-07,0,0,1
61,2023-11-09 22:53:03,10900,-15.1665,-58.4669,-0.123941,-1.83105e-07,0,0,1
62,2023-11-09 22:53:09,10901,-15.1665,-58.1536,-0.123941,-1.83105e-07,0,0,1
63,2023-11-09 22:53:25,10902,-15.1694,-59.0935,-0.123941,-1.83105e-07,0,0,1
64,2023-11-09 22:53:31,10903,-15.1694,-58.7802,-0.123941,-1.83105e-07,0,0,1
65,2023-11-09 22:53:45,10904,-15.1723,-60.0334,-0.123941,-1.83105e-07,0,0,1
66,2023-11-09 22:53:51,10905,-15.1723,-59.7201,-0.123941,-1.83105e-07,0,0,1
67,2023-11-09 22:54:05,10906,-15.1753,-60.3468,-0.123941,-1.83105e-07,0,0,1
68,2023-11-09 22:54:11,10907,-15.1753,-60.0334,-0.123941,-1.83105e-07,0,0,1
69,2023-11-09 22:54:25,10908,-15.1782,-59.7201,-0.123941,-1.83105e-07,0,0,1
70,2023-11-09 22:54:31,10909,-15.1782,-60.0334,-0.123941,-1.83105e-07,0,0,1
71,2023-11-09 22:54:50,10910,-15.1802,-61.6,-0.123941,-1.83105e-07,0,0,1
72,2023-11-09 22:54:56,10911,-15.1802,-61.6,-0.123941,-1.83105e-07,0,0,1
73,2023-11-09 22:55:13,10912,-15.1821,-62.2266,-0.123941,-1.83105e-07,0,0,1
74,2023-11-09 22:55:19,10913,-15.1821,-61.6,-0.123941,-1.83105e-07,0,0,1
75,2023-11-09 22:55:39,10914,-15.1841,-62.8532,-0.123941,-1.83105e-07,0,0,1
76,2023-11-09 22:55:45,10915,-15.1841,-62.5399,-0.123941,-1.83105e-07,0,0,1
77,2023-11-09 22:56:13,10916,-15.1821,-57.527,-0.123941,-1.83105e-07,0,0,1
78,2023-11-09 22:56:19,10917,-15.1821,-57.527,-0.123941,-1.83105e-07,0,0,1
79,2023-11-09 22:56:49,10918,-15.1801,-52.514,-0.123941,-1.83105e-07,0,0,1
80,2023-11-09 22:56:55,10919,-15.1801,-52.2007,-0.123941,-1.83105e-07,0,0,1
81,2023-11-09 22:57:10,10920,-15.1782,-47.8143,-0.123941,-1.83105e-07,0,0,1
82,2023-11-09 22:57:16,10921,-15.1782,-47.8143,-0.123941,-1.83105e-07,0,0,1
83,2023-11-09 22:57:41,10922,-15.1752,-40.9215,-0.123941,-1.83105e-07,0,0,1
84,2023-11-09 22:57:47,10923,-15.1752,-40.9215,-0.123941,-1.83105e-07,0,0,1
85,2023-11-09 22:58:02,10924,-15.1722,-34.342,-0.123941,-1.83105e-07,0,0,1
86,2023-11-09 22:58:08,10925,-15.1722,-34.6553,-0.123941,-1.83105e-07,0,0,1
87,2023-11-09 22:58:24,10926,-15.1693,-28.3891,-0.123941,-1.83105e-07,0,0,1
88,2023-11-09 22:58:30,10927,-15.1693,-28.3891,-0.123941,-1.83105e-07,0,0,1
89,2023-11-09 22:58:45,10928,-15.1663,-22.4362,-0.123941,-1.83105e-07,0,0,1
90,2023-11-09 22:58:51,10929,-15.1663,-23.0629,-0.123941,-1.83105e-07,0,0,1
91,2023-11-09 22:59:06,10930,-15.1633,-17.11,-0.123941,-1.83105e-07,0,0,1
92,2023-11-09 22:59:12,10931,-15.1633,-17.4233,-0.123941,-1.83105e-07,0,0,1
93,2023-11-09 22:59:33,10932,-15.1583,-9.27722,-0.123941,-1.83105e-07,0,0,1
94,2023-11-09 22:59:39,10933,-15.1583,-9.59053,-0.123941,-1.83105e-07,0,0,1
95,2023-11-09 22:59:55,10934,-15.1534,-2.07109,-0.123941,-1.83105e-07,0,0,1
96,2023-11-09 23:00:01,10935,-15.1534,-1.75778,-0.123941,-1.83105e-07,0,0,1
97,2023-11-09 23:00:16,10936,-15.1484,4.82173,-0.123941,-1.83105e-07,0,0,1
98,2023-11-09 23:00:22,10937,-15.1484,4.19511,-0.123941,-1.83105e-07,0,0,1
99,2023-11-09 23:00:38,10938,-15.1434,10.4613,-0.123941,-1.83105e-07,0,0,1
100,2023-11-09 23:00:44,10939,-15.1434,10.7746,-0.123941,-1.83105e-07,0,0,1
101,2023-11-09 23:01:00,10940,-15.1384,16.4142,-0.123941,-1.83105e-07,0,0,1
102,2023-11-09 23:01:06,10941,-15.1384,16.4142,-0.123941,-1.83105e-07,0,0,1
103,2023-11-09 23:01:23,10942,-15.1335,21.7405,-0.123941,-1.83105e-07,0,0,1
104,2023-11-09 23:01:29,10943,-15.1335,21.4272,-0.123941,-1.83105e-07,0,0,1
105,2023-11-09 23:01:48,10944,-15.1285,26.4401,-0.123941,-1.83105e-07,0,0,1
106,2023-11-09 23:01:54,10945,-15.1285,26.4401,-0.123941,-1.83105e-07,0,0,1
107,2023-11-09 23:02:10,10946,-15.1235,31.1398,-0.123941,-1.83105e-07,0,0,1
108,2023-11-09 23:02:16,10947,-15.1235,30.8265,-0.123941,-1.83105e-07,0,0,1
109,2023-11-09 23:02:32,10948,-15.1185,34.8995,-0.123941,-1.83105e-07,0,0,1
110,2023-11-09 23:02:38,10949,-15.1185,34.8995,-0.123941,-1.83105e-07,0,0,1
111,2023-11-09 23:02:57,10950,-15.1136,38.6592,-0.123941,-1.83105e-07,0,0,1
112,2023-11-09 23:03:03,10951,-15.1136,38.6592,-0.123941,-1.83105e-07,0,0,1
113,2023-11-09 23:03:18,10952,-15.1086,42.4189,-0.123941,-1.83105e-07,0,0,1
114,2023-11-09 23:03:24,10953,-15.1086,42.1056,-0.123941,-1.83105e-07,0,0,1
115,2023-11-09 23:03:42,10954,-15.1036,45.2387,-0.123941,-1.83105e-07,0,0,1
116,2023-11-09 23:03:48,10955,-15.1036,45.2387,-0.123941,-1.83105e-07,0,0,1
117,2023-11-09 23:04:07,10956,-15.0986,48.9984,-0.123941,-1.83105e-07,0,0,1
118,2023-11-09 23:04:13,10957,-15.0986,48.3718,-0.123941,-1.83105e-07,0,0,1
119,2023-11-09 23:04:29,10958,-15.0937,51.1916,-0.123941,-1.83105e-07,0,0,1
120,2023-11-09 23:04:35,10959,-15.0937,50.8783,-0.123941,-1.83105e-07,0,0,1
121,2023-11-09 23:04:53,10960,-15.0887,54.0114,-0.123941,-1.83105e-07,0,0,1
122,2023-11-09 23:04:59,10961,-15.0887,54.0114,-0.123941,-1.83105e-07,0,0,1
123,2023-11-09 23:05:19,10962,-15.0837,56.8312,-0.123941,-1.83105e-07,0,0,1
124,2023-11-09 23:05:25,10963,-15.0837,56.8312,-0.123941,-1.83105e-07,0,0,1
125,2023-11-09 23:05:41,10964,-15.0787,59.651,-0.123941,-1.83105e-07,0,0,1
126,2023-11-09 23:05:47,10965,-15.0787,59.651,-0.123941,-1.83105e-07,0,0,1
127,2023-11-09 23:06:03,10966,-15.0737,62.7841,-0.123941,-1.83105e-07,0,0,1
128,2023-11-09 23:06:09,10967,-15.0737,62.4708,-0.123941,-1.83105e-07,0,0,1
129,2023-11-09 23:06:23,10968,-15.0688,65.9172,-0.123941,-1.83105e-07,0,0,1
130,2023-11-09 23:06:29,10969,-15.0688,65.6039,-0.123941,-1.83105e-07,0,0,1
131,2023-11-09 23:06:48,10970,-15.0638,69.6769,-0.123941,-1.83105e-07,0,0,1
132,2023-11-09 23:06:54,10971,-15.0638,69.0503,-0.123941,-1.83105e-07,0,0,1
133,2023-11-09 23:07:09,10972,-15.0588,73.4366,-0.123941,-1.83105e-07,0,0,1
134,2023-11-09 23:07:15,10973,-15.0588,73.1233,-0.123941,-1.83105e-07,0,0,1
135,2023-11-09 23:07:33,10974,-15.0538,76.883,-0.123941,-1.83105e-07,0,0,1
136,2023-11-09 23:07:39,10975,-15.0538,76.5697,-0.123941,-1.83105e-07,0,0,1
137,2023-11-09 23:07:54,10976,-15.0488,81.5827,-0.123941,-1.83105e-07,0,0,1
138,2023-11-09 23:08:00,10977,-15.0488,80.9561,-0.123941,-1.83105e-07,0,0,1
139,2023-11-09 23:08:18,10978,-15.0439,85.3424,-0.123941,-1.83105e-07,0,0,1
140,2023-11-09 23:08:24,10979,-15.0439,84.7158,-0.123941,-1.83105e-07,0,0,1
141,2023-11-09 23:08:40,10980,-15.0389,88.7888,-0.123941,-1.83105e-07,0,0,1
142,2023-11-09 23:08:46,10981,-15.0389,88.4755,-0.123941,-1.83105e-07,0,0,1
143,2023-11-09 23:09:03,10982,-15.0339,92.2352,-0.123941,-1.83105e-07,0,0,1
144,2023-11-09 23:09:09,10983,-15.0339,91.9219,-0.123941,-1.83105e-07,0,0,1
145,2023-11-09 23:09:25,10984,-15.0289,95.3683,-0.123941,-1.83105e-07,0,0,1
146,2023-11-09 23:09:31,10985,-15.0289,95.055,-0.123941,-1.83105e-07,0,0,1
147,2023-11-09 23:09:50,10986,-15.0239,98.1881,-0.123941,-1.83105e-07,0,0,1
148,2023-11-09 23:09:56,10987,-15.0239,97.8748,-0.123941,-1.83105e-07,0,0,1
149,2023-11-09 23:10:12,10988,-15.019,101.635,-0.123941,-1.83105e-07,0,0,1
150,2023-11-09 23:10:18,10989,-15.019,100.695,-0.123941,-1.83105e-07,0,0,1
151,2023-11-09 23:10:40,10990,-15.014,103.828,-0.123941,-1.83105e-07,0,0,1
152,2023-11-09 23:10:46,10991,-15.014,102.888,-0.123941,-1.83105e-07,0,0,1
153,2023-11-09 23:11:02,10992,-15.009,106.021,-0.123559,-1.83105e-07,0,0,1
154,2023-11-09 23:11:08,10993,-15.009,105.394,-0.123559,-1.83105e-07,0,0,1
155,2023-11-09 23:11:23,10994,-15.004,108.214,-0.123559,-1.83105e-07,0,0,1
156,2023-11-09 23:11:29,10995,-15.004,106.961,-0.123559,-1.83105e-07,0,0,1
157,2023-11-09 23:11:47,10996,-14.9991,110.094,-0.123559,-1.83105e-07,0,0,1
158,2023-11-09 23:11:53,10997,-14.9991,109.467,-0.123559,-1.83105e-07,0,0,1
159,2023-11-09 23:12:08,10998,-14.9941,111.974,-0.123559,-1.83105e-07,0,0,1
160,2023-11-09 23:12:14,10999,-14.9941,111.034,-0.123559,-1.83105e-07,0,0,1
161,2023-11-09 23:12:30,11000,-14.9891,113.54,-0.123559,-1.83105e-07,0,0,1
162,2023-11-09 23:12:36,11001,-14.9891,112.914,-0.123559,-1.83105e-07,0,0,1
163,2023-11-09 23:12:52,11002,-14.9841,115.42,-0.123559,-1.83105e-07,0,0,1
164,2023-11-09 23:12:58,11003,-14.9841,114.167,-0.123559,-1.83105e-07,0,0,1
165,2023-11-09 23:13:14,11004,-14.9791,117.3,-0.123559,-1.83105e-07,0,0,1
166,2023-11-09 23:13:20,11005,-14.9791,116.047,-0.123559,-1.83105e-07,0,0,1
167,2023-11-09 23:13:35,11006,-14.9742,118.553,-0.123559,-1.83105e-07,0,0,1
168,2023-11-09 23:13:41,11007,-14.9742,117.613,-0.123559,-1.83105e-07,0,0,1
169,2023-11-09 23:13:57,11008,-14.9692,119.806,-0.123559,-1.83105e-07,0,0,1
170,2023-11-09 23:14:03,11009,-14.9692,118.553,-0.123559,-1.83105e-07,0,0,1
171,2023-11-09 23:14:20,11010,-14.9642,121.686,-0.123559,-1.83105e-07,0,0,1
172,2023-11-09 23:14:26,11011,-14.9642,120.12,-0.123559,-1.83105e-07,0,0,1
173,2023-11-09 23:14:41,11012,-14.9592,122.94,-0.123559,-1.83105e-07,0,0,1
174,2023-11-09 23:14:47,11013,-14.9592,121.686,-0.123559,-1.83105e-07,0,0,1
175,2023-11-09 23:15:02,11014,-14.9543,124.193,-0.123559,-1.83105e-07,0,0,1
176,2023-11-09 23:15:08,11015,-14.9543,122.94,-0.123559,-1.83105e-07,0,0,1
177,2023-11-09 23:15:24,11016,-14.9493,125.446,-0.123559,-1.83105e-07,0,0,1
178,2023-11-09 23:15:30,11017,-14.9493,124.193,-0.123559,-1.83105e-07,0,0,1
179,2023-11-09 23:15:55,11018,-14.9443,127.326,-0.123559,-1.83105e-07,0,0,1
180,2023-11-09 23:16:01,11019,-14.9443,126.073,-0.123559,-1.83105e-07,0,0,1
181,2023-11-09 23:16:16,11020,-14.9393,127.953,-0.123559,-1.83105e-07,0,0,1
182,2023-11-09 23:16:22,11021,-14.9393,126.699,-0.123559,-1.83105e-07,0,0,1
183,2023-11-09 23:16:43,11022,-14.9344,129.519,-0.123559,-1.83105e-07,0,0,1
184,2023-11-09 23:16:49,11023,-14.9344,128.266,-0.123559,-1.83105e-07,0,0,1
185,2023-11-09 23:17:09,11024,-14.9294,130.146,-0.123559,-1.83105e-07,0,0,1
186,2023-11-09 23:17:15,11025,-14.9294,129.206,-0.123559,-1.83105e-07,0,0,1
187,2023-11-09 23:17:30,11026,-14.9244,131.712,-0.123559,-1.83105e-07,0,0,1
188,2023-11-09 23:17:36,11027,-14.9244,130.146,-0.123559,-1.83105e-07,0,0,1
189,2023-11-09 23:17:56,11028,-14.9194,132.652,-0.123559,-1.83105e-07,0,0,1
190,2023-11-09 23:18:02,11029,-14.9194,131.086,-0.123559,-1.83105e-07,0,0,1
191,2023-11-09 23:18:18,11030,-14.9145,133.905,-0.123559,-1.83105e-07,0,0,1
192,2023-11-09 23:18:24,11031,-14.9145,132.652,-0.123559,-1.83105e-07,0,0,1
193,2023-11-09 23:18:40,11032,-14.9095,134.845,-0.123559,-1.83105e-07,0,0,1
194,2023-11-09 23:18:46,11033,-14.9095,133.279,-0.123559,-1.83105e-07,0,0,1
195,2023-11-09 23:19:01,11034,-14.9045,135.785,-0.123559,-1.83105e-07,0,0,1
196,2023-11-09 23:19:07,11035,-14.9045,134.219,-0.123559,-1.83105e-07,0,0,1
197,2023-11-09 23:19:22,11036,-14.8995,137.039,-0.123559,-1.83105e-07,0,0,1
198,2023-11-09 23:19:28,11037,-14.8995,135.472,-0.123559,-1.83105e-07,0,0,1
199,2023-11-09 23:19:48,11038,-14.8946,137.665,-0.123559,-1.83105e-07,0,0,1
200,2023-11-09 23:19:54,11039,-14.8946,136.725,-0.123559,-1.83105e-07,0,0,1
201,2023-11-09 23:20:10,11040,-14.8896,138.292,-0.123559,-1.83105e-07,0,0,1
202,2023-11-09 23:20:16,11041,-14.8896,137.039,-0.123559,-1.83105e-07,0,0,1
203,2023-11-09 23:20:34,11042,-14.8846,139.545,-0.123559,-1.83105e-07,0,0,1
204,2023-11-09 23:20:40,11043,-14.8846,138.605,-0.123559,-1.83105e-07,0,0,1
205,2023-11-09 23:20:57,11044,-14.8796,140.485,-0.123559,-1.83105e-07,0,0,1
206,2023-11-09 23:21:03,11045,-14.8796,138.918,-0.123559,-1.83105e-07,0,0,1
207,2023-11-09 23:21:19,11046,-14.8747,141.738,-0.123559,-1.83105e-07,0,0,1
208,2023-11-09 23:21:25,11047,-14.8747,140.172,-0.123559,-1.83105e-07,0,0,1
209,2023-11-09 23:21:49,11048,-14.8697,142.991,-0.123559,-1.83105e-07,0,0,1
210,2023-11-09 23:21:55,11049,-14.8697,141.738,-0.123559,-1.83105e-07,0,0,1
211,2023-11-09 23:23:25,11050,-14.8796,114.48,-0.123559,-1.83105e-07,0,0,1
212,2023-11-09 23:23:31,11051,-14.8796,114.48,-0.123559,-1.83105e-07,0,0,1
213,2023-11-09 23:24:01,11052,-14.8896,93.4885,-0.123559,-1.83105e-07,0,0,1
214,2023-11-09 23:24:07,11053,-14.8896,93.4885,-0.123559,-1.83105e-07,0,0,1
215,2023-11-09 23:24:31,11054,-14.8995,74.3765,-0.123941,-1.83105e-07,0,0,1
216,2023-11-09 23:24:37,11055,-14.8995,74.3765,-0.123941,-1.83105e-07,0,0,1
217,2023-11-09 23:25:01,11056,-14.9095,57.1445,-0.123941,-1.83105e-07,0,0,1
218,2023-11-09 23:25:07,11057,-14.9095,57.1445,-0.123941,-1.83105e-07,0,0,1
219,2023-11-09 23:25:51,11058,-14.9194,40.5391,-0.123941,-1.83105e-07,0,0,1
220,2023-11-09 23:25:57,11059,-14.9194,40.2258,-0.123941,-1.83105e-07,0,0,1
221,2023-11-09 23:26:19,11060,-14.9294,25.8135,-0.123941,-1.83105e-07,0,0,1
222,2023-11-09 23:26:25,11061,-14.9294,26.1268,-0.123941,-1.83105e-07,0,0,1
223,2023-11-09 23:27:04,11062,-14.9393,12.0279,-0.123941,-1.83105e-07,0,0,1
224,2023-11-09 23:27:10,11063,-14.9393,12.6545,-0.123941,-1.83105e-07,0,0,1
225,2023-11-09 23:27:49,11064,-14.9492,-0.50454,-0.123941,-1.83105e-07,0,0,1
226,2023-11-09 23:27:55,11065,-14.9492,-0.19123,-0.123941,-1.83105e-07,0,0,1
0,2023-11-10 11:21:07,11066,-15.0051,1.68863,-2.59894,-1.83105e-07,0,0,1
1,2023-11-10 11:21:11,11067,-15.0051,1.68863,-2.59894,-1.83105e-07,0,0,1
2,2023-11-10 11:23:57,11068,-15.0051,1.68863,-2.59856,-1.83105e-07,0,0,1
3,2023-11-10 11:24:01,11069,-15.0051,1.68863,-2.59856,-1.83105e-07,0,0,1
4,2023-11-10 11:28:45,11070,-15.0071,-2.3844,-2.59856,-1.83105e-07,0,0,1
5,2023-11-10 11:28:52,11071,-15.0071,-2.07109,-2.59856,-1.83105e-07,0,0,1
6,2023-11-10 11:29:20,11072,-15.009,-6.77074,-2.59856,-1.83105e-07,0,0,1
7,2023-11-10 11:29:27,11073,-15.009,-6.77074,-2.59856,-1.83105e-07,0,0,1
8,2023-11-10 11:29:55,11074,-15.014,-17.7366,-2.59856,-1.83105e-07,0,0,1
9,2023-11-10 11:30:02,11075,-15.014,-17.7366,-2.59856,-1.83105e-07,0,0,1
10,2023-11-10 11:30:29,11076,-15.0169,-22.4362,-2.59856,-1.83105e-07,0,0,1
11,2023-11-10 11:30:36,11077,-15.0169,-22.4362,-2.59856,-1.83105e-07,0,0,1
12,2023-11-10 11:31:02,11078,-15.0199,-26.196,-2.59856,-1.83105e-07,0,0,1
13,2023-11-10 11:31:09,11079,-15.0199,-26.196,-2.59856,-1.83105e-07,0,0,1
14,2023-11-10 11:31:31,11080,-15.0228,-30.269,-2.59856,-1.83105e-07,0,0,1
15,2023-11-10 11:31:38,11081,-15.0228,-29.6424,-2.59856,-1.83105e-07,0,0,1
16,2023-11-10 11:31:57,11082,-15.0258,-33.7154,-2.59856,-1.83105e-07,0,0,1
17,2023-11-10 11:32:04,11083,-15.0258,-33.4021,-2.59856,-1.83105e-07,0,0,1
18,2023-11-10 11:32:23,11084,-15.0277,-34.6553,-2.59856,-1.83105e-07,0,0,1
19,2023-11-10 11:32:30,11085,-15.0277,-34.9686,-2.59856,-1.83105e-07,0,0,1
20,2023-11-10 11:32:51,11086,-15.0297,-36.2219,-2.59856,-1.83105e-07,0,0,1
21,2023-11-10 11:32:58,11087,-15.0297,-36.2219,-2.59856,-1.83105e-07,0,0,1
22,2023-11-10 14:08:12,11088,-15.0317,-37.1618,-2.60161,-1.83105e-07,0,0,1
23,2023-11-10 14:08:19,11089,-15.0317,-37.1618,-2.60161,-1.83105e-07,0,0,1
24,2023-11-10 14:09:16,11090,-15.0336,-40.9215,-2.60123,-1.83105e-07,0,0,1
25,2023-11-10 14:09:23,11091,-15.0336,-41.2348,-2.60123,-1.83105e-07,0,0,1
26,2023-11-10 14:10:02,11092,-15.0366,-40.6082,-2.60123,-1.83105e-07,0,0,1
27,2023-11-10 14:10:09,11093,-15.0366,-40.2949,-2.60123,-1.83105e-07,0,0,1
28,2023-11-10 14:10:37,11094,-15.0385,-42.4881,-2.60123,-1.83105e-07,0,0,1
29,2023-11-10 14:10:44,11095,-15.0385,-42.1748,-2.60123,-1.83105e-07,0,0,1
30,2023-11-10 14:12:42,11096,-15.0365,-37.4751,-2.60123,-1.83105e-07,0,0,1
31,2023-11-10 14:12:49,11097,-15.0365,-37.4751,-2.60123,-1.83105e-07,0,0,1
32,2023-11-10 14:13:31,11098,-15.0356,-34.9686,-2.60123,-1.83105e-07,0,0,1
33,2023-11-10 14:13:38,11099,-15.0356,-35.282,-2.60123,-1.83105e-07,0,0,1
34,2023-11-10 21:51:39,11100,-15.0375,-38.1017,-2.60123,-1.83105e-07,0,0,1
35,2023-11-10 21:51:46,11101,-15.0375,-37.7884,-2.60123,-1.83105e-07,0,0,1
36,2023-11-10 21:52:18,11102,-15.0395,-42.4881,-2.60123,-1.83105e-07,0,0,1
37,2023-11-10 21:52:25,11103,-15.0395,-42.8014,-2.60123,-1.83105e-07,0,0,1
38,2023-11-10 21:52:48,11104,-15.0414,-46.2478,-2.60123,-1.83105e-07,0,0,1
39,2023-11-10 21:52:55,11105,-15.0414,-46.2478,-2.60085,-1.83105e-07,0,0,1
40,2023-11-10 21:53:22,11106,-15.0433,-45.3079,-2.60085,-1.83105e-07,0,0,1
41,2023-11-10 21:53:29,11107,-15.0433,-44.9946,-2.60085,-1.83105e-07,0,0,1
42,2023-11-10 21:53:52,11108,-15.0453,-46.2478,-2.60085,-1.83105e-07,0,0,1
43,2023-11-10 21:53:59,11109,-15.0453,-45.9345,-2.60085,-1.83105e-07,0,0,1
44,2023-11-10 21:54:23,11110,-15.0463,-46.8744,-2.60085,-1.83105e-07,0,0,1
45,2023-11-10 21:54:30,11111,-15.0463,-46.8744,-2.60085,-1.83105e-07,0,0,1
46,2023-11-10 21:54:47,11112,-15.0472,-46.2478,-2.60085,-1.83105e-07,0,0,1
47,2023-11-10 21:54:54,11113,-15.0472,-45.9345,-2.60085,-1.83105e-07,0,0,1
48,2023-11-10 22:07:29,11114,-15.0472,-45.6212,-2.60085,-1.83105e-07,0,0,1
49,2023-11-10 22:07:36,11115,-15.0472,-45.3079,-2.60085,-1.83105e-07,0,0,1
50,2023-11-10 22:08:44,11116,-15.0472,-45.9345,-2.60085,-1.83105e-07,0,0,1
51,2023-11-10 22:08:51,11117,-15.0472,-45.6212,-2.60085,-1.83105e-07,0,0,1
52,2023-11-10 22:11:11,11118,-15.0472,-45.6212,-2.60085,-1.83105e-07,0,0,1
53,2023-11-10 22:11:18,11119,-15.0472,-45.3079,-2.60085,-1.83105e-07,0,0,1
54,2023-11-10 22:12:39,11120,-15.0452,-40.6082,-2.60085,-1.83105e-07,0,0,1
55,2023-11-10 22:12:46,11121,-15.0452,-40.2949,-2.60085,-1.83105e-07,0,0,1
56,2023-11-11 00:31:52,11122,-15.0461,-41.8615,-2.60161,-1.83105e-07,0,0,1
57,2023-11-11 00:31:59,11123,-15.0461,-41.8615,-2.60161,-1.83105e-07,0,0,1
58,2023-11-11 00:32:24,11124,-15.0481,-46.8744,-2.60123,-1.83105e-07,0,0,1
59,2023-11-11 00:32:31,11125,-15.0481,-46.5611,-2.60123,-1.83105e-07,0,0,1
60,2023-11-11 00:32:53,11126,-15.0501,-48.7543,-2.60123,-1.83105e-07,0,0,1
61,2023-11-11 00:33:00,11127,-15.0501,-48.441,-2.60123,-1.83105e-07,0,0,1
62,2023-11-11 00:33:50,11128,-15.052,-48.7543,-2.60123,-1.83105e-07,0,0,1
63,2023-11-11 00:33:57,11129,-15.052,-48.441,-2.60123,-1.83105e-07,0,0,1
64,2023-11-11 00:34:59,11130,-15.0525,-49.3809,-2.60123,-1.83105e-07,0,0,1
65,2023-11-11 00:35:06,11131,-15.0525,-49.3809,-2.60123,-1.83105e-07,0,0,1
66,2023-11-11 00:35:24,11132,-15.0529,-49.6942,-2.60123,-1.83105e-07,0,0,1
67,2023-11-11 00:35:31,11133,-15.0529,-49.3809,-2.60123,-1.83105e-07,0,0,1
68,2023-11-11 00:36:02,11134,-15.0534,-49.6942,-2.60123,-1.83105e-07,0,0,1
69,2023-11-11 00:36:09,11135,-15.0534,-49.3809,-2.60123,-1.83105e-07,0,0,1
70,2023-11-11 00:38:33,11136,-15.0514,-44.3679,-2.60123,-1.83105e-07,0,0,1
71,2023-11-11 00:38:40,11137,-15.0514,-44.6812,-2.60123,-1.83105e-07,0,0,1
72,2023-11-11 00:39:41,11138,-15.0509,-43.1147,-2.60123,-1.83105e-07,0,0,1
73,2023-11-11 00:39:48,11139,-15.0509,-43.428,-2.60123,-1.83105e-07,0,0,1
74,2023-11-11 00:40:14,11140,-15.0505,-42.1748,-2.60123,-1.83105e-07,0,0,1
75,2023-11-11 00:40:21,11141,-15.0505,-41.8615,-2.60123,-1.83105e-07,0,0,1
76,2023-11-11 08:28:17,11142,-15.0524,-45.6212,-2.5978,-1.83105e-07,0,0,1
77,2023-11-11 08:28:23,11143,-15.0524,-45.3079,-2.5978,-1.83105e-07,0,0,1
78,2023-11-11 08:29:25,11144,-15.0544,-50.3208,-2.5978,-1.83105e-07,0,0,1
79,2023-11-11 08:29:32,11145,-15.0544,-50.3208,-2.5978,-1.83105e-07,0,0,1
80,2023-11-11 08:29:48,11146,-15.0563,-49.3809,-2.5978,-1.83105e-07,0,0,1
81,2023-11-11 08:29:55,11147,-15.0563,-49.6942,-2.5978,-1.83105e-07,0,0,1
82,2023-11-11 08:30:43,11148,-15.0573,-50.9475,-2.5978,-1.83105e-07,0,0,1
83,2023-11-11 08:30:50,11149,-15.0573,-50.9475,-2.5978,-1.83105e-07,0,0,1
84,2023-11-11 08:31:05,11150,-15.0582,-51.2608,-2.5978,-1.83105e-07,0,0,1
85,2023-11-11 08:31:12,11151,-15.0582,-51.2608,-2.5978,-1.83105e-07,0,0,1
86,2023-11-11 08:32:17,11152,-15.0573,-49.0676,-2.5978,-1.83105e-07,0,0,1
87,2023-11-11 08:32:24,11153,-15.0573,-49.0676,-2.5978,-1.83105e-07,0,0,1
88,2023-11-11 08:32:41,11154,-15.0563,-46.5611,-2.5978,-1.83105e-07,0,0,1
89,2023-11-11 08:32:47,11155,-15.0563,-46.5611,-2.5978,-1.83105e-07,0,0,1
90,2023-11-11 08:33:02,11156,-15.0553,-44.0546,-2.5978,-1.83105e-07,0,0,1
91,2023-11-11 08:33:08,11157,-15.0553,-44.0546,-2.5978,-1.83105e-07,0,0,1
92,2023-11-11 12:57:50,11158,-15.0573,-47.1877,-2.60123,-1.83105e-07,0,0,1
93,2023-11-11 12:57:57,11159,-15.0573,-47.501,-2.60123,-1.83105e-07,0,0,1
94,2023-11-11 12:58:43,11160,-15.0592,-52.2007,-2.60123,-1.83105e-07,0,0,1
95,2023-11-11 12:58:50,11161,-15.0592,-52.2007,-2.60123,-1.83105e-07,0,0,1
96,2023-11-11 12:59:05,11162,-15.0612,-52.2007,-2.60123,-1.83105e-07,0,0,1
97,2023-11-11 12:59:12,11163,-15.0612,-52.514,-2.60123,-1.83105e-07,0,0,1
98,2023-11-11 12:59:50,11164,-15.0631,-52.8273,-2.60123,-1.83105e-07,0,0,1
99,2023-11-11 12:59:57,11165,-15.0631,-52.8273,-2.60123,-1.83105e-07,0,0,1
100,2023-11-11 13:00:35,11166,-15.0651,-53.7672,-2.60123,-1.83105e-07,0,0,1
101,2023-11-11 13:00:42,11167,-15.0651,-53.4539,-2.60123,-1.83105e-07,0,0,1
102,2023-11-11 13:01:03,11168,-15.066,-54.0806,-2.60123,-1.83105e-07,0,0,1
103,2023-11-11 13:01:10,11169,-15.066,-53.7672,-2.60123,-1.83105e-07,0,0,1
104,2023-11-11 13:01:28,11170,-15.067,-54.0806,-2.60123,-1.83105e-07,0,0,1
105,2023-11-11 13:01:35,11171,-15.067,-54.0806,-2.60123,-1.83105e-07,0,0,1
106,2023-11-11 13:02:28,11172,-15.066,-51.2608,-2.60123,-1.83105e-07,0,0,1
107,2023-11-11 13:02:35,11173,-15.066,-51.5741,-2.60123,-1.83105e-07,0,0,1
108,2023-11-11 13:02:51,11174,-15.0651,-49.0676,-2.60123,-1.83105e-07,0,0,1
109,2023-11-11 13:02:58,11175,-15.0651,-49.0676,-2.60123,-1.83105e-07,0,0,1
110,2023-11-11 13:03:29,11176,-15.0641,-46.5611,-2.60123,-1.83105e-07,0,0,1
111,2023-11-11 13:03:36,11177,-15.0641,-46.5611,-2.60123,-1.83105e-07,0,0,1
112,2023-11-11 14:10:34,11178,-15.0591,-33.0888,-2.60237,-1.83105e-07,0,0,1
113,2023-11-11 14:10:41,11179,-15.0591,-32.7755,-2.60237,-1.83105e-07,0,0,1
114,2023-11-11 14:11:45,11180,-15.0541,-20.8697,-2.60237,-1.83105e-07,0,0,1
115,2023-11-11 14:11:52,11181,-15.0541,-21.183,-2.60237,-1.83105e-07,0,0,1
116,2023-11-11 14:13:01,11182,-15.0491,-9.90384,-2.60199,-1.83105e-07,0,0,1
117,2023-11-11 14:13:08,11183,-15.0491,-10.5305,-2.60199,-1.83105e-07,0,0,1
118,2023-11-11 14:14:08,11184,-15.0472,-6.45743,-2.60199,-1.83105e-07,0,0,1
119,2023-11-11 14:14:15,11185,-15.0472,-6.45743,-2.60199,-1.83105e-07,0,0,1
120,2023-11-11 14:15:41,11186,-15.0462,-4.57757,-2.60199,-1.83105e-07,0,0,1
121,2023-11-11 14:15:48,11187,-15.0462,-4.89088,-2.60199,-1.83105e-07,0,0,1
122,2023-11-11 14:16:19,11188,-15.0452,-2.69771,-2.60199,-1.83105e-07,0,0,1
123,2023-11-11 14:16:26,11189,-15.0452,-3.01102,-2.60199,-1.83105e-07,0,0,1
0,2023-11-12 09:46:45,11190,-15.1225,-1.13116,-1.13797,-1.83105e-07,0,0,1
1,2023-11-12 09:46:49,11191,-15.1225,-1.44447,-1.13797,-1.83105e-07,0,0,1
2,2023-11-12 10:02:37,11192,-15.1225,-1.44447,-1.18602,-1.83105e-07,0,0,1
3,2023-11-12 10:02:41,11193,-15.1225,-1.44447,-1.18564,-1.83105e-07,0,0,1
4,2023-11-12 10:05:57,11194,-15.1234,-3.01102,-1.18525,-1.83105e-07,0,0,1
5,2023-11-12 10:06:04,11195,-15.1234,-3.32433,-1.18525,-1.83105e-07,0,0,1
6,2023-11-12 10:07:02,11196,-15.1244,-4.89088,-1.18525,-1.83105e-07,0,0,1
7,2023-11-12 10:07:09,11197,-15.1244,-5.20419,-1.18525,-1.83105e-07,0,0,1
8,2023-11-12 10:07:27,11198,-15.1253,-7.71067,-1.18525,-1.83105e-07,0,0,1
9,2023-11-12 10:07:34,11199,-15.1253,-7.71067,-1.18525,-1.83105e-07,0,0,1
10,2023-11-12 10:08:00,11200,-15.1263,-9.90384,-1.18525,-1.83105e-07,0,0,1
11,2023-11-12 10:08:07,11201,-15.1263,-9.90384,-1.18525,-1.83105e-07,0,0,1
12,2023-11-12 10:08:23,11202,-15.1272,-11.4704,-1.18525,-1.83105e-07,0,0,1
13,2023-11-12 10:08:30,11203,-15.1273,-12.097,-1.18525,-1.83105e-07,0,0,1
14,2023-11-12 10:08:56,11204,-15.1277,-13.3503,-1.18525,-1.83105e-07,0,0,1
15,2023-11-12 10:09:03,11205,-15.1277,-13.0369,-1.18525,-1.83105e-07,0,0,1
16,2023-11-12 10:09:24,11206,-15.1282,-13.9769,-1.18525,-1.83105e-07,0,0,1
17,2023-11-12 10:09:31,11207,-15.1282,-13.9769,-1.18525,-1.83105e-07,0,0,1
18,2023-11-12 10:09:51,11208,-15.1286,-14.6035,-1.18525,-1.83105e-07,0,0,1
19,2023-11-12 10:09:58,11209,-15.1286,-14.9168,-1.18525,-1.83105e-07,0,0,1
20,2023-11-12 10:11:20,11210,-15.1281,-13.9769,-1.18525,-1.83105e-07,0,0,1
21,2023-11-12 10:11:27,11211,-15.1281,-13.9769,-1.18525,-1.83105e-07,0,0,1
22,2023-11-12 10:11:45,11212,-15.1277,-13.3503,-1.18525,-1.83105e-07,0,0,1
23,2023-11-12 10:11:52,11213,-15.1276,-13.0369,-1.18525,-1.83105e-07,0,0,1
24,2023-11-12 10:12:33,11214,-15.1272,-12.097,-1.18525,-1.83105e-07,0,0,1
25,2023-11-12 10:12:40,11215,-15.1272,-12.4103,-1.18525,-1.83105e-07,0,0,1
26,2023-11-12 11:23:47,11216,-15.1281,-13.3503,-1.18373,-1.83105e-07,0,0,1
27,2023-11-12 11:23:54,11217,-15.1281,-13.0369,-1.18373,-1.83105e-07,0,0,1
28,2023-11-12 11:24:11,11218,-15.1291,-14.9168,-1.18335,-1.83105e-07,0,0,1
29,2023-11-12 11:24:18,11219,-15.1291,-15.5434,-1.18335,-1.83105e-07,0,0,1
30,2023-11-12 11:24:38,11220,-15.13,-17.4233,-1.18335,-1.83105e-07,0,0,1
31,2023-11-12 11:24:45,11221,-15.13,-17.7366,-1.18335,-1.83105e-07,0,0,1
32,2023-11-12 11:24:59,11222,-15.131,-19.3031,-1.18335,-1.83105e-07,0,0,1
33,2023-11-12 11:25:06,11223,-15.131,-19.3031,-1.18335,-1.83105e-07,0,0,1
34,2023-11-12 11:25:23,11224,-15.1319,-21.4963,-1.18335,-1.83105e-07,0,0,1
35,2023-11-12 11:25:30,11225,-15.1319,-21.4963,-1.18335,-1.83105e-07,0,0,1
36,2023-11-12 11:25:45,11226,-15.1329,-23.6895,-1.18335,-1.83105e-07,0,0,1
37,2023-11-12 11:25:52,11227,-15.1329,-23.6895,-1.18335,-1.83105e-07,0,0,1
38,2023-11-12 11:26:09,11228,-15.1338,-24.9427,-1.18335,-1.83105e-07,0,0,1
39,2023-11-12 11:26:16,11229,-15.1338,-25.256,-1.18335,-1.83105e-07,0,0,1
40,2023-11-12 11:27:05,11230,-15.1343,-25.8827,-1.18335,-1.83105e-07,0,0,1
41,2023-11-12 11:27:12,11231,-15.1343,-26.196,-1.18335,-1.83105e-07,0,0,1
42,2023-11-12 11:27:58,11232,-15.1338,-25.256,-1.18335,-1.83105e-07,0,0,1
43,2023-11-12 11:28:05,11233,-15.1338,-24.9427,-1.18335,-1.83105e-07,0,0,1
44,2023-11-12 11:28:22,11234,-15.1333,-23.6895,-1.18335,-1.83105e-07,0,0,1
45,2023-11-12 11:28:29,11235,-15.1333,-24.0028,-1.18335,-1.83105e-07,0,0,1
46,2023-11-12 11:28:45,11236,-15.1329,-22.7495,-1.18335,-1.83105e-07,0,0,1
47,2023-11-12 11:28:52,11237,-15.1329,-23.0629,-1.18335,-1.83105e-07,0,0,1
48,2023-11-12 14:26:54,11238,-15.1338,-23.0629,-1.18411,-1.83105e-07,0,0,1
49,2023-11-12 14:27:01,11239,-15.1338,-22.7495,-1.18411,-1.83105e-07,0,0,1
50,2023-11-12 14:27:47,11240,-15.1347,-25.5693,-1.18373,-1.83105e-07,0,0,1
51,2023-11-12 14:27:54,11241,-15.1348,-25.5693,-1.18373,-1.83105e-07,0,0,1
52,2023-11-12 14:28:15,11242,-15.1357,-27.4492,-1.18373,-1.83105e-07,0,0,1
53,2023-11-12 14:28:22,11243,-15.1357,-27.4492,-1.18373,-1.83105e-07,0,0,1
54,2023-11-12 14:29:35,11244,-15.1367,-29.6424,-1.18373,-1.83105e-07,0,0,1
55,2023-11-12 14:29:42,11245,-15.1367,-29.6424,-1.18373,-1.83105e-07,0,0,1
56,2023-11-12 14:30:08,11246,-15.1376,-31.2089,-1.18373,-1.83105e-07,0,0,1
57,2023-11-12 14:30:15,11247,-15.1376,-31.2089,-1.18373,-1.83105e-07,0,0,1
58,2023-11-12 14:30:57,11248,-15.1386,-33.0888,-1.18373,-1.83105e-07,0,0,1
59,2023-11-12 14:31:04,11249,-15.1386,-33.4021,-1.18373,-1.83105e-07,0,0,1
60,2023-11-12 14:31:42,11250,-15.139,-34.0287,-1.18373,-1.83105e-07,0,0,1
61,2023-11-12 14:31:49,11251,-15.139,-34.0287,-1.18373,-1.83105e-07,0,0,1
62,2023-11-12 14:32:08,11252,-15.1395,-34.342,-1.18373,-1.83105e-07,0,0,1
63,2023-11-12 14:32:15,11253,-15.1395,-34.0287,-1.18373,-1.83105e-07,0,0,1
64,2023-11-12 14:32:36,11254,-15.1399,-35.282,-1.18373,-1.83105e-07,0,0,1
65,2023-11-12 14:32:43,11255,-15.1399,-34.9686,-1.18373,-1.83105e-07,0,0,1
66,2023-11-12 14:33:01,11256,-15.1404,-35.5953,-1.18373,-1.83105e-07,0,0,1
67,2023-11-12 14:33:08,11257,-15.1404,-35.5953,-1.18373,-1.83105e-07,0,0,1
68,2023-11-12 14:33:26,11258,-15.1408,-36.8485,-1.18373,-1.83105e-07,0,0,1
69,2023-11-12 14:33:33,11259,-15.1408,-36.5352,-1.18373,-1.83105e-07,0,0,1
70,2023-11-12 14:33:54,11260,-15.1413,-37.4751,-1.18373,-1.83105e-07,0,0,1
71,2023-11-12 14:34:01,11261,-15.1413,-36.8485,-1.18373,-1.83105e-07,0,0,1
72,2023-11-12 14:34:14,11262,-15.1417,-37.4751,-1.18373,-1.83105e-07,0,0,1
73,2023-11-12 14:34:21,11263,-15.1417,-37.4751,-1.18373,-1.83105e-07,0,0,1
74,2023-11-12 14:34:33,11264,-15.1421,-38.4151,-1.18373,-1.83105e-07,0,0,1
75,2023-11-12 14:34:40,11265,-15.1421,-38.1017,-1.18373,-1.83105e-07,0,0,1
76,2023-11-12 14:34:53,11266,-15.1426,-39.0417,-1.18373,-1.83105e-07,0,0,1
77,2023-11-12 14:35:00,11267,-15.1426,-38.4151,-1.18373,-1.83105e-07,0,0,1
78,2023-11-12 14:36:28,11268,-15.1421,-37.4751,-1.18373,-1.83105e-07,0,0,1
79,2023-11-12 14:36:35,11269,-15.1421,-37.7884,-1.18373,-1.83105e-07,0,0,1
80,2023-11-12 14:36:52,11270,-15.1417,-36.5352,-1.18373,-1.83105e-07,0,0,1
81,2023-11-12 14:36:59,11271,-15.1417,-36.8485,-1.18373,-1.83105e-07,0,0,1
82,2023-11-12 14:37:15,11272,-15.1412,-35.5953,-1.18373,-1.83105e-07,0,0,1
83,2023-11-12 14:37:22,11273,-15.1412,-35.282,-1.18373,-1.83105e-07,0,0,1
84,2023-11-12 14:37:37,11274,-15.1407,-34.9686,-1.18373,-1.83105e-07,0,0,1
85,2023-11-12 14:37:44,11275,-15.1407,-34.6553,-1.18373,-1.83105e-07,0,0,1
86,2023-11-12 14:37:57,11276,-15.1403,-33.4021,-1.18373,-1.83105e-07,0,0,1
87,2023-11-12 14:38:04,11277,-15.1403,-33.4021,-1.18373,-1.83105e-07,0,0,1
88,2023-11-12 17:01:16,11278,-15.1412,-33.7154,-1.18411,-1.83105e-07,0,0,1
89,2023-11-12 17:01:23,11279,-15.1412,-33.7154,-1.18373,-1.83105e-07,0,0,1
90,2023-11-12 17:02:05,11280,-15.1422,-35.9086,-1.18373,-1.83105e-07,0,0,1
91,2023-11-12 17:02:12,11281,-15.1422,-35.9086,-1.18373,-1.83105e-07,0,0,1
92,2023-11-12 17:02:38,11282,-15.1431,-38.1017,-1.18373,-1.83105e-07,0,0,1
93,2023-11-12 17:02:45,11283,-15.1431,-37.7884,-1.18373,-1.83105e-07,0,0,1
94,2023-11-12 17:03:18,11284,-15.1435,-38.7284,-1.18373,-1.83105e-07,0,0,1
95,2023-11-12 17:03:25,11285,-15.1435,-38.7284,-1.18373,-1.83105e-07,0,0,1
96,2023-11-12 17:03:41,11286,-15.144,-39.9816,-1.18373,-1.83105e-07,0,0,1
97,2023-11-12 17:03:48,11287,-15.144,-39.9816,-1.18373,-1.83105e-07,0,0,1
98,2023-11-12 17:04:17,11288,-15.1449,-42.1748,-1.18373,-1.83105e-07,0,0,1
99,2023-11-12 17:04:24,11289,-15.1449,-42.1748,-1.18373,-1.83105e-07,0,0,1
100,2023-11-12 17:04:44,11290,-15.1459,-43.1147,-1.18373,-1.83105e-07,0,0,1
101,2023-11-12 17:04:51,11291,-15.1459,-43.1147,-1.18373,-1.83105e-07,0,0,1
102,2023-11-12 17:05:14,11292,-15.1469,-43.428,-1.18373,-1.83105e-07,0,0,1
103,2023-11-12 17:05:21,11293,-15.1469,-43.7413,-1.18373,-1.83105e-07,0,0,1
104,2023-11-12 17:06:57,11294,-15.1464,-42.4881,-1.18373,-1.83105e-07,0,0,1
105,2023-11-12 17:07:04,11295,-15.1464,-42.4881,-1.18373,-1.83105e-07,0,0,1
106,2023-11-12 17:07:26,11296,-15.1459,-41.2348,-1.18373,-1.83105e-07,0,0,1
107,2023-11-12 17:07:33,11297,-15.1459,-41.5481,-1.18373,-1.83105e-07,0,0,1
108,2023-11-12 17:08:11,11298,-15.1455,-39.9816,-1.18373,-1.83105e-07,0,0,1
109,2023-11-12 17:08:18,11299,-15.1455,-40.2949,-1.18373,-1.83105e-07,0,0,1
110,2023-11-12 17:08:42,11300,-15.145,-39.0417,-1.18373,-1.83105e-07,0,0,1
111,2023-11-12 17:08:49,11301,-15.145,-39.6683,-1.18373,-1.83105e-07,0,0,1
112,2023-11-12 17:09:11,11302,-15.1445,-38.1017,-1.18373,-1.83105e-07,0,0,1
113,2023-11-12 17:09:18,11303,-15.1445,-38.4151,-1.18373,-1.83105e-07,0,0,1
114,2023-11-12 19:38:23,11304,-15.1455,-38.1017,-1.18411,-1.83105e-07,0,0,1
115,2023-11-12 19:38:30,11305,-15.1455,-37.7884,-1.18373,-1.83105e-07,0,0,1
116,2023-11-12 19:40:28,11306,-15.1459,-38.7284,-1.18373,-1.83105e-07,0,0,1
117,2023-11-12 19:40:35,11307,-15.1459,-39.0417,-1.18373,-1.83105e-07,0,0,1
118,2023-11-12 19:41:31,11308,-15.1455,-38.1017,-1.18373,-1.83105e-07,0,0,1
119,2023-11-12 19:41:38,11309,-15.1455,-38.1017,-1.18373,-1.83105e-07,0,0,1
120,2023-11-12 19:41:57,11310,-15.145,-37.1618,-1.18373,-1.83105e-07,0,0,1
121,2023-11-12 19:42:04,11311,-15.145,-37.1618,-1.18373,-1.83105e-07,0,0,1
122,2023-11-12 19:42:24,11312,-15.1445,-36.2219,-1.18373,-1.83105e-07,0,0,1
123,2023-11-12 19:42:31,11313,-15.1445,-36.2219,-1.18373,-1.83105e-07,0,0,1
124,2023-11-12 19:42:47,11314,-15.144,-35.282,-1.18373,-1.83105e-07,0,0,1
125,2023-11-12 19:42:54,11315,-15.144,-35.282,-1.18373,-1.83105e-07,0,0,1
126,2023-11-12 19:43:10,11316,-15.1436,-34.0287,-1.18373,-1.83105e-07,0,0,1
127,2023-11-12 19:43:17,11317,-15.1436,-34.342,-1.18373,-1.83105e-07,0,0,1
128,2023-11-12 21:55:55,11318,-15.144,-34.6553,-1.18411,-1.83105e-07,0,0,1
129,2023-11-12 21:56:02,11319,-15.144,-34.342,-1.18411,-1.83105e-07,0,0,1
130,2023-11-12 21:56:33,11320,-15.1445,-35.5953,-1.18373,-1.83105e-07,0,0,1
131,2023-11-12 21:56:40,11321,-15.1445,-35.5953,-1.18373,-1.83105e-07,0,0,1
132,2023-11-12 21:56:58,11322,-15.1449,-36.5352,-1.18373,-1.83105e-07,0,0,1
133,2023-11-12 21:57:05,11323,-15.1449,-36.8485,-1.18373,-1.83105e-07,0,0,1
134,2023-11-12 21:57:33,11324,-15.1454,-37.7884,-1.18373,-1.83105e-07,0,0,1
135,2023-11-12 21:57:40,11325,-15.1454,-37.7884,-1.18373,-1.83105e-07,0,0,1
136,2023-11-12 21:58:42,11326,-15.1463,-39.355,-1.18373,-1.83105e-07,0,0,1
137,2023-11-12 21:58:49,11327,-15.1463,-39.355,-1.18373,-1.83105e-07,0,0,1
138,2023-11-12 21:59:18,11328,-15.1473,-41.8615,-1.18373,-1.83105e-07,0,0,1
139,2023-11-12 21:59:25,11329,-15.1473,-41.8615,-1.18373,-1.83105e-07,0,0,1
140,2023-11-12 21:59:46,11330,-15.1482,-43.7413,-1.18373,-1.83105e-07,0,0,1
141,2023-11-12 21:59:53,11331,-15.1483,-43.428,-1.18373,-1.83105e-07,0,0,1
142,2023-11-12 22:00:36,11332,-15.1492,-45.9345,-1.18373,-1.83105e-07,0,0,1
143,2023-11-12 22:00:43,11333,-15.1492,-45.6212,-1.18373,-1.83105e-07,0,0,1
144,2023-11-12 22:01:14,11334,-15.1502,-46.5611,-1.18373,-1.83105e-07,0,0,1
145,2023-11-12 22:01:21,11335,-15.1502,-46.2478,-1.18373,-1.83105e-07,0,0,1
146,2023-11-12 22:03:27,11336,-15.1497,-45.6212,-1.18373,-1.83105e-07,0,0,1
147,2023-11-12 22:03:34,11337,-15.1497,-45.6212,-1.18373,-1.83105e-07,0,0,1
148,2023-11-12 22:03:49,11338,-15.1492,-44.3679,-1.18373,-1.83105e-07,0,0,1
149,2023-11-12 22:03:56,11339,-15.1492,-44.3679,-1.18373,-1.83105e-07,0,0,1
150,2023-11-12 22:04:11,11340,-15.1487,-43.1147,-1.18373,-1.83105e-07,0,0,1
151,2023-11-12 22:04:18,11341,-15.1487,-43.1147,-1.18373,-1.83105e-07,0,0,1
152,2023-11-12 22:05:07,11342,-15.1482,-42.1748,-1.18373,-1.83105e-07,0,0,1
153,2023-11-12 22:05:14,11343,-15.1482,-42.1748,-1.18373,-1.83105e-07,0,0,1
154,2023-11-12 22:05:31,11344,-15.1478,-41.2348,-1.18373,-1.83105e-07,0,0,1
155,2023-11-12 22:05:38,11345,-15.1478,-40.9215,-1.18373,-1.83105e-07,0,0,1
156,2023-11-13 00:26:35,11346,-15.1482,-41.5481,-1.18411,-1.83105e-07,0,0,1
157,2023-11-13 00:26:42,11347,-15.1482,-41.2348,-1.18373,-1.83105e-07,0,0,1
158,2023-11-13 00:27:00,11348,-15.1487,-42.4881,-1.18373,-1.83105e-07,0,0,1
159,2023-11-13 00:27:07,11349,-15.1487,-42.8014,-1.18373,-1.83105e-07,0,0,1
160,2023-11-13 00:27:31,11350,-15.1491,-43.7413,-1.18373,-1.83105e-07,0,0,1
161,2023-11-13 00:27:38,11351,-15.1491,-43.428,-1.18373,-1.83105e-07,0,0,1
162,2023-11-13 00:27:53,11352,-15.1496,-44.6812,-1.18373,-1.83105e-07,0,0,1
163,2023-11-13 00:28:00,11353,-15.1496,-44.3679,-1.18373,-1.83105e-07,0,0,1
164,2023-11-13 00:28:22,11354,-15.1505,-46.5611,-1.18373,-1.83105e-07,0,0,1
165,2023-11-13 00:28:29,11355,-15.1505,-46.5611,-1.18373,-1.83105e-07,0,0,1
166,2023-11-13 00:28:47,11356,-15.1515,-48.1277,-1.18373,-1.83105e-07,0,0,1
167,2023-11-13 00:28:54,11357,-15.1515,-48.1277,-1.18373,-1.83105e-07,0,0,1
168,2023-11-13 00:29:19,11358,-15.1524,-48.7543,-1.18373,-1.83105e-07,0,0,1
169,2023-11-13 00:29:26,11359,-15.1524,-48.7543,-1.18373,-1.83105e-07,0,0,1
170,2023-11-13 00:29:44,11360,-15.1534,-49.3809,-1.18373,-1.83105e-07,0,0,1
171,2023-11-13 00:29:51,11361,-15.1534,-49.0676,-1.18373,-1.83105e-07,0,0,1
172,2023-11-13 00:31:40,11362,-15.1529,-48.1277,-1.18373,-1.83105e-07,0,0,1
173,2023-11-13 00:31:47,11363,-15.1529,-48.1277,-1.18373,-1.83105e-07,0,0,1
174,2023-11-13 00:32:04,11364,-15.1524,-47.1877,-1.18373,-1.83105e-07,0,0,1
175,2023-11-13 00:32:11,11365,-15.1524,-46.8744,-1.18373,-1.83105e-07,0,0,1
176,2023-11-13 00:32:26,11366,-15.152,-45.9345,-1.18373,-1.83105e-07,0,0,1
177,2023-11-13 00:32:33,11367,-15.152,-45.9345,-1.18373,-1.83105e-07,0,0,1
178,2023-11-13 00:32:47,11368,-15.1515,-44.6812,-1.18373,-1.83105e-07,0,0,1
179,2023-11-13 00:32:54,11369,-15.1515,-44.6812,-1.18373,-1.83105e-07,0,0,1
180,2023-11-13 00:33:15,11370,-15.151,-44.0546,-1.18373,-1.83105e-07,0,0,1
181,2023-11-13 00:33:22,11371,-15.151,-44.0546,-1.18373,-1.83105e-07,0,0,1
182,2023-11-13 00:33:41,11372,-15.1506,-42.8014,-1.18373,-1.83105e-07,0,0,1
183,2023-11-13 00:33:48,11373,-15.1506,-42.4881,-1.18373,-1.83105e-07,0,0,1
184,2023-11-13 04:29:16,11374,-15.1515,-43.7413,-1.18182,-1.83105e-07,0,0,1
185,2023-11-13 04:29:23,11375,-15.1515,-43.7413,-1.18182,-1.83105e-07,0,0,1
186,2023-11-13 04:29:45,11376,-15.1525,-45.9345,-1.18182,-1.83105e-07,0,0,1
187,2023-11-13 04:29:52,11377,-15.1525,-45.9345,-1.18182,-1.83105e-07,0,0,1
188,2023-11-13 04:30:17,11378,-15.1529,-46.8744,-1.18182,-1.83105e-07,0,0,1
189,2023-11-13 04:30:24,11379,-15.1529,-46.8744,-1.18182,-1.83105e-07,0,0,1
190,2023-11-13 04:30:43,11380,-15.1534,-48.1277,-1.18182,-1.83105e-07,0,0,1
191,2023-11-13 04:30:50,11381,-15.1534,-48.1277,-1.18182,-1.83105e-07,0,0,1
192,2023-11-13 04:31:07,11382,-15.1538,-49.3809,-1.18182,-1.83105e-07,0,0,1
193,2023-11-13 04:31:14,11383,-15.1538,-49.0676,-1.18182,-1.83105e-07,0,0,1
194,2023-11-13 04:31:31,11384,-15.1543,-50.0075,-1.18182,-1.83105e-07,0,0,1
195,2023-11-13 04:31:38,11385,-15.1543,-50.0075,-1.18182,-1.83105e-07,0,0,1
196,2023-11-13 04:31:54,11386,-15.1547,-51.2608,-1.18182,-1.83105e-07,0,0,1
197,2023-11-13 04:32:01,11387,-15.1547,-51.2608,-1.18182,-1.83105e-07,0,0,1
198,2023-11-13 04:32:18,11388,-15.1552,-49.6942,-1.18182,-1.83105e-07,0,0,1
199,2023-11-13 04:32:25,11389,-15.1552,-50.0075,-1.18182,-1.83105e-07,0,0,1
200,2023-11-13 04:33:14,11390,-15.1547,-49.0676,-1.18182,-1.83105e-07,0,0,1
201,2023-11-13 04:33:21,11391,-15.1547,-48.7543,-1.18182,-1.83105e-07,0,0,1
202,2023-11-13 04:33:45,11392,-15.1542,-48.1277,-1.18182,-1.83105e-07,0,0,1
203,2023-11-13 04:33:52,11393,-15.1542,-47.8143,-1.18182,-1.83105e-07,0,0,1
204,2023-11-13 04:35:28,11394,-15.1538,-46.5611,-1.18144,-1.83105e-07,0,0,1
205,2023-11-13 04:35:35,11395,-15.1538,-46.5611,-1.18144,-1.83105e-07,0,0,1
206,2023-11-13 04:35:54,11396,-15.1533,-45.3079,-1.18144,-1.83105e-07,0,0,1
207,2023-11-13 04:36:01,11397,-15.1533,-45.6212,-1.18144,-1.83105e-07,0,0,1
208,2023-11-13 04:36:17,11398,-15.1528,-44.3679,-1.18144,-1.83105e-07,0,0,1
209,2023-11-13 04:36:24,11399,-15.1528,-44.3679,-1.18144,-1.83105e-07,0,0,1
210,2023-11-13 04:36:45,11400,-15.1523,-43.1147,-1.18144,-1.83105e-07,0,0,1
211,2023-11-13 04:36:52,11401,-15.1523,-43.428,-1.18144,-1.83105e-07,0,0,1
212,2023-11-13 06:56:06,11402,-15.1533,-44.9946,-1.18373,-1.83105e-07,0,0,1
213,2023-11-13 06:56:13,11403,-15.1533,-45.3079,-1.18373,-1.83105e-07,0,0,1
214,2023-11-13 06:56:32,11404,-15.1542,-47.501,-1.18335,-1.83105e-07,0,0,1
215,2023-11-13 06:56:39,11405,-15.1542,-47.501,-1.18335,-1.83105e-07,0,0,1
216,2023-11-13 06:56:59,11406,-15.1552,-49.3809,-1.18335,-1.83105e-07,0,0,1
217,2023-11-13 06:57:06,11407,-15.1552,-49.3809,-1.18335,-1.83105e-07,0,0,1
218,2023-11-13 06:57:38,11408,-15.1562,-51.8874,-1.18335,-1.83105e-07,0,0,1
219,2023-11-13 06:57:45,11409,-15.1562,-51.8874,-1.18335,-1.83105e-07,0,0,1
220,2023-11-13 06:58:00,11410,-15.1571,-51.2608,-1.18335,-1.83105e-07,0,0,1
221,2023-11-13 06:58:07,11411,-15.1571,-50.9475,-1.18335,-1.83105e-07,0,0,1
222,2023-11-13 06:58:25,11412,-15.1581,-51.5741,-1.18335,-1.83105e-07,0,0,1
223,2023-11-13 06:58:32,11413,-15.1581,-51.5741,-1.18335,-1.83105e-07,0,0,1
224,2023-11-13 06:58:49,11414,-15.159,-52.2007,-1.18335,-1.83105e-07,0,0,1
225,2023-11-13 06:58:56,11415,-15.159,-51.5741,-1.18335,-1.83105e-07,0,0,1
226,2023-11-13 06:59:17,11416,-15.16,-52.514,-1.18335,-1.83105e-07,0,0,1
227,2023-11-13 06:59:24,11417,-15.16,-52.514,-1.18335,-1.83105e-07,0,0,1
228,2023-11-13 07:00:02,11418,-15.1595,-51.5741,-1.18335,-1.83105e-07,0,0,1
229,2023-11-13 07:00:09,11419,-15.1595,-51.5741,-1.18335,-1.83105e-07,0,0,1
230,2023-11-13 07:00:27,11420,-15.159,-50.6341,-1.18335,-1.83105e-07,0,0,1
231,2023-11-13 07:00:34,11421,-15.159,-50.3208,-1.18335,-1.83105e-07,0,0,1
232,2023-11-13 07:00:48,11422,-15.1585,-49.0676,-1.18335,-1.83105e-07,0,0,1
233,2023-11-13 07:00:55,11423,-15.1585,-49.0676,-1.18335,-1.83105e-07,0,0,1
234,2023-11-13 07:01:09,11424,-15.1581,-48.1277,-1.18335,-1.83105e-07,0,0,1
235,2023-11-13 07:01:16,11425,-15.1581,-48.1277,-1.18335,-1.83105e-07,0,0,1
236,2023-11-13 07:01:31,11426,-15.1576,-47.1877,-1.18335,-1.83105e-07,0,0,1
237,2023-11-13 07:01:38,11427,-15.1576,-47.1877,-1.18335,-1.83105e-07,0,0,1
238,2023-11-13 07:01:52,11428,-15.1571,-45.9345,-1.18335,-1.83105e-07,0,0,1
239,2023-11-13 07:01:59,11429,-15.1571,-45.9345,-1.18335,-1.83105e-07,0,0,1
240,2023-11-13 09:16:19,11430,-15.1581,-46.5611,-1.18564,-1.83105e-07,0,0,1
241,2023-11-13 09:16:26,11431,-15.1581,-46.8744,-1.18525,-1.83105e-07,0,0,1
242,2023-11-13 09:16:47,11432,-15.159,-48.7543,-1.18525,-1.83105e-07,0,0,1
243,2023-11-13 09:16:54,11433,-15.159,-48.7543,-1.18525,-1.83105e-07,0,0,1
244,2023-11-13 09:17:10,11434,-15.16,-50.9475,-1.18525,-1.83105e-07,0,0,1
245,2023-11-13 09:17:17,11435,-15.16,-50.9475,-1.18525,-1.83105e-07,0,0,1
246,2023-11-13 09:17:36,11436,-15.1609,-53.1406,-1.18525,-1.83105e-07,0,0,1
247,2023-11-13 09:17:43,11437,-15.1609,-53.4539,-1.18525,-1.83105e-07,0,0,1
248,2023-11-13 09:18:00,11438,-15.1619,-53.7672,-1.18525,-1.83105e-07,0,0,1
249,2023-11-13 09:18:07,11439,-15.1619,-53.4539,-1.18525,-1.83105e-07,0,0,1
250,2023-11-13 09:19:02,11440,-15.1614,-52.8273,-1.18525,-1.83105e-07,0,0,1
251,2023-11-13 09:19:09,11441,-15.1614,-52.8273,-1.18525,-1.83105e-07,0,0,1
252,2023-11-13 09:19:22,11442,-15.1609,-51.8874,-1.18525,-1.83105e-07,0,0,1
253,2023-11-13 09:19:29,11443,-15.1609,-51.5741,-1.18525,-1.83105e-07,0,0,1
254,2023-11-13 09:19:43,11444,-15.1605,-50.6341,-1.18525,-1.83105e-07,0,0,1
255,2023-11-13 09:19:50,11445,-15.1605,-50.3208,-1.18525,-1.83105e-07,0,0,1
256,2023-11-13 09:20:07,11446,-15.16,-49.0676,-1.18525,-1.83105e-07,0,0,1
257,2023-11-13 09:20:14,11447,-15.16,-49.0676,-1.18525,-1.83105e-07,0,0,1
258,2023-11-13 09:20:28,11448,-15.1595,-48.441,-1.18525,-1.83105e-07,0,0,1
259,2023-11-13 09:20:35,11449,-15.1595,-48.1277,-1.18525,-1.83105e-07,0,0,1
260,2023-11-13 09:20:47,11450,-15.159,-47.1877,-1.18525,-1.83105e-07,0,0,1
261,2023-11-13 09:20:54,11451,-15.159,-46.8744,-1.18525,-1.83105e-07,0,0,1
262,2023-11-13 10:39:01,11452,-15.16,-48.7543,-1.18411,-1.83105e-07,0,0,1
263,2023-11-13 10:39:08,11453,-15.16,-48.441,-1.18411,-1.83105e-07,0,0,1
264,2023-11-13 10:39:32,11454,-15.1609,-50.9475,-1.18411,-1.83105e-07,0,0,1
265,2023-11-13 10:39:39,11455,-15.1609,-50.6341,-1.18411,-1.83105e-07,0,0,1
266,2023-11-13 10:39:56,11456,-15.1619,-53.4539,-1.18373,-1.83105e-07,0,0,1
267,2023-11-13 10:40:03,11457,-15.1619,-53.1406,-1.18373,-1.83105e-07,0,0,1
268,2023-11-13 10:40:28,11458,-15.1628,-55.3338,-1.18373,-1.83105e-07,0,0,1
269,2023-11-13 10:40:35,11459,-15.1629,-55.3338,-1.18373,-1.83105e-07,0,0,1
270,2023-11-13 10:40:51,11460,-15.1638,-55.3338,-1.18373,-1.83105e-07,0,0,1
271,2023-11-13 10:40:58,11461,-15.1638,-55.0205,-1.18373,-1.83105e-07,0,0,1
272,2023-11-13 10:42:22,11462,-15.1628,-53.1406,-1.18373,-1.83105e-07,0,0,1
273,2023-11-13 10:42:29,11463,-15.1628,-53.1406,-1.18373,-1.83105e-07,0,0,1
274,2023-11-13 10:42:43,11464,-15.1619,-50.9475,-1.18373,-1.83105e-07,0,0,1
275,2023-11-13 10:42:50,11465,-15.1619,-50.6341,-1.18373,-1.83105e-07,0,0,1
276,2023-11-13 10:43:06,11466,-15.1609,-48.7543,-1.18373,-1.83105e-07,0,0,1
277,2023-11-13 10:43:13,11467,-15.1609,-48.441,-1.18373,-1.83105e-07,0,0,1
278,2023-11-13 12:04:30,11468,-15.1618,-49.6942,-1.18449,-1.83105e-07,0,0,1
279,2023-11-13 12:04:37,11469,-15.1618,-49.6942,-1.18449,-1.83105e-07,0,0,1
280,2023-11-13 12:04:58,11470,-15.1628,-51.8874,-1.18449,-1.83105e-07,0,0,1
281,2023-11-13 12:05:05,11471,-15.1628,-51.8874,-1.18449,-1.83105e-07,0,0,1
282,2023-11-13 12:05:21,11472,-15.1637,-54.0806,-1.18449,-1.83105e-07,0,0,1
283,2023-11-13 12:05:28,11473,-15.1637,-54.3939,-1.18449,-1.83105e-07,0,0,1
284,2023-11-13 12:05:40,11474,-15.1647,-56.587,-1.18449,-1.83105e-07,0,0,1
285,2023-11-13 12:05:47,11475,-15.1647,-56.2737,-1.18449,-1.83105e-07,0,0,1
286,2023-11-13 12:06:02,11476,-15.1656,-55.6471,-1.18449,-1.83105e-07,0,0,1
287,2023-11-13 12:06:09,11477,-15.1656,-55.6471,-1.18411,-1.83105e-07,0,0,1
288,2023-11-13 12:06:23,11478,-15.1666,-55.0205,-1.18411,-1.83105e-07,0,0,1
289,2023-11-13 12:06:30,11479,-15.1666,-55.0205,-1.18411,-1.83105e-07,0,0,1
290,2023-11-13 12:07:52,11480,-15.1656,-53.1406,-1.18411,-1.83105e-07,0,0,1
291,2023-11-13 12:07:59,11481,-15.1656,-52.8273,-1.18411,-1.83105e-07,0,0,1
292,2023-11-13 12:08:13,11482,-15.1647,-50.6341,-1.18411,-1.83105e-07,0,0,1
293,2023-11-13 12:08:20,11483,-15.1647,-50.6341,-1.18411,-1.83105e-07,0,0,1
294,2023-11-13 12:08:34,11484,-15.1637,-48.7543,-1.18411,-1.83105e-07,0,0,1
295,2023-11-13 12:08:41,11485,-15.1637,-48.441,-1.18411,-1.83105e-07,0,0,1
296,2023-11-13 13:20:47,11486,-15.1646,-49.6942,-1.18487,-1.83105e-07,0,0,1
297,2023-11-13 13:20:54,11487,-15.1646,-49.3809,-1.18449,-1.83105e-07,0,0,1
298,2023-11-13 13:21:13,11488,-15.1656,-51.5741,-1.18449,-1.83105e-07,0,0,1
299,2023-11-13 13:21:20,11489,-15.1656,-51.5741,-1.18449,-1.83105e-07,0,0,1
300,2023-11-13 13:21:36,11490,-15.1666,-53.7672,-1.18449,-1.83105e-07,0,0,1
301,2023-11-13 13:21:43,11491,-15.1666,-53.7672,-1.18449,-1.83105e-07,0,0,1
302,2023-11-13 13:22:03,11492,-15.1675,-55.9604,-1.18449,-1.83105e-07,0,0,1
303,2023-11-13 13:22:10,11493,-15.1675,-56.2737,-1.18449,-1.83105e-07,0,0,1
304,2023-11-13 13:22:24,11494,-15.1685,-56.2737,-1.18449,-1.83105e-07,0,0,1
305,2023-11-13 13:22:31,11495,-15.1685,-56.2737,-1.18449,-1.83105e-07,0,0,1
306,2023-11-13 13:24:14,11496,-15.1675,-53.7672,-1.18449,-1.83105e-07,0,0,1
307,2023-11-13 13:24:21,11497,-15.1675,-54.0806,-1.18449,-1.83105e-07,0,0,1
308,2023-11-13 13:24:40,11498,-15.1665,-51.8874,-1.18449,-1.83105e-07,0,0,1
309,2023-11-13 13:24:47,11499,-15.1665,-51.8874,-1.18449,-1.83105e-07,0,0,1
310,2023-11-13 13:25:07,11500,-15.1655,-49.6942,-1.18449,-1.83105e-07,0,0,1
311,2023-11-13 13:25:14,11501,-15.1655,-49.3809,-1.18449,-1.83105e-07,0,0,1
312,2023-11-13 14:36:57,11502,-15.1665,-51.2608,-1.18411,-1.83105e-07,0,0,1
313,2023-11-13 14:37:04,11503,-15.1665,-51.2608,-1.18411,-1.83105e-07,0,0,1
314,2023-11-13 14:37:34,11504,-15.1675,-53.4539,-1.18373,-1.83105e-07,0,0,1
315,2023-11-13 14:37:41,11505,-15.1675,-53.4539,-1.18373,-1.83105e-07,0,0,1
316,2023-11-13 14:38:10,11506,-15.1684,-55.6471,-1.18373,-1.83105e-07,0,0,1
317,2023-11-13 14:38:17,11507,-15.1684,-55.3338,-1.18373,-1.83105e-07,0,0,1
318,2023-11-13 14:38:44,11508,-15.1693,-57.527,-1.18373,-1.83105e-07,0,0,1
319,2023-11-13 14:38:51,11509,-15.1693,-57.527,-1.18373,-1.83105e-07,0,0,1
320,2023-11-13 14:39:10,11510,-15.1703,-57.527,-1.18373,-1.83105e-07,0,0,1
321,2023-11-13 14:39:17,11511,-15.1703,-57.527,-1.18373,-1.83105e-07,0,0,1
322,2023-11-13 14:40:22,11512,-15.1693,-55.3338,-1.18373,-1.83105e-07,0,0,1
323,2023-11-13 14:40:29,11513,-15.1693,-55.3338,-1.18373,-1.83105e-07,0,0,1
324,2023-11-13 14:40:44,11514,-15.1683,-52.8273,-1.18373,-1.83105e-07,0,0,1
325,2023-11-13 14:40:51,11515,-15.1683,-53.1406,-1.18373,-1.83105e-07,0,0,1
326,2023-11-13 14:41:07,11516,-15.1674,-50.6341,-1.18373,-1.83105e-07,0,0,1
327,2023-11-13 14:41:14,11517,-15.1674,-50.9475,-1.18373,-1.83105e-07,0,0,1
328,2023-11-13 15:50:56,11518,-15.1683,-52.2007,-1.18564,-1.83105e-07,0,0,1
329,2023-11-13 15:51:03,11519,-15.1683,-52.2007,-1.18525,-1.83105e-07,0,0,1
330,2023-11-13 15:51:19,11520,-15.1693,-54.3939,-1.18525,-1.83105e-07,0,0,1
331,2023-11-13 15:51:26,11521,-15.1693,-54.0806,-1.18525,-1.83105e-07,0,0,1
332,2023-11-13 15:51:41,11522,-15.1702,-56.2737,-1.18525,-1.83105e-07,0,0,1
333,2023-11-13 15:51:48,11523,-15.1702,-56.587,-1.18525,-1.83105e-07,0,0,1
334,2023-11-13 15:52:05,11524,-15.1712,-58.4669,-1.18525,-1.83105e-07,0,0,1
335,2023-11-13 15:52:12,11525,-15.1712,-58.1536,-1.18525,-1.83105e-07,0,0,1
336,2023-11-13 15:52:27,11526,-15.1721,-57.2137,-1.18525,-1.83105e-07,0,0,1
337,2023-11-13 15:52:34,11527,-15.1721,-57.2137,-1.18525,-1.83105e-07,0,0,1
338,2023-11-13 15:52:51,11528,-15.173,-57.8403,-1.18525,-1.83105e-07,0,0,1
339,2023-11-13 15:52:58,11529,-15.173,-57.527,-1.18525,-1.83105e-07,0,0,1
340,2023-11-13 15:53:12,11530,-15.174,-57.2137,-1.18525,-1.83105e-07,0,0,1
341,2023-11-13 15:53:19,11531,-15.174,-57.2137,-1.18525,-1.83105e-07,0,0,1
342,2023-11-13 15:54:28,11532,-15.173,-55.0205,-1.18525,-1.83105e-07,0,0,1
343,2023-11-13 15:54:35,11533,-15.173,-55.3338,-1.18525,-1.83105e-07,0,0,1
344,2023-11-13 15:54:49,11534,-15.1721,-53.1406,-1.18525,-1.83105e-07,0,0,1
345,2023-11-13 15:54:56,11535,-15.1721,-52.8273,-1.18525,-1.83105e-07,0,0,1
346,2023-11-13 15:55:22,11536,-15.1711,-50.6341,-1.18525,-1.83105e-07,0,0,1
347,2023-11-13 15:55:29,11537,-15.1711,-50.6341,-1.18525,-1.83105e-07,0,0,1
348,2023-11-13 15:55:55,11538,-15.1701,-48.441,-1.18525,-1.83105e-07,0,0,1
349,2023-11-13 15:56:02,11539,-15.1701,-48.441,-1.18525,-1.83105e-07,0,0,1
350,2023-11-13 17:08:25,11540,-15.1711,-50.0075,-1.18525,-1.83105e-07,0,0,1
351,2023-11-13 17:08:32,11541,-15.1711,-50.0075,-1.18525,-1.83105e-07,0,0,1
352,2023-11-13 17:08:51,11542,-15.172,-51.8874,-1.18525,-1.83105e-07,0,0,1
353,2023-11-13 17:08:58,11543,-15.172,-52.514,-1.18525,-1.83105e-07,0,0,1
354,2023-11-13 17:09:11,11544,-15.173,-54.7072,-1.18525,-1.83105e-07,0,0,1
355,2023-11-13 17:09:18,11545,-15.173,-54.3939,-1.18525,-1.83105e-07,0,0,1
356,2023-11-13 17:09:32,11546,-15.1739,-56.2737,-1.18525,-1.83105e-07,0,0,1
357,2023-11-13 17:09:39,11547,-15.1739,-56.2737,-1.18525,-1.83105e-07,0,0,1
358,2023-11-13 17:09:55,11548,-15.1749,-58.7802,-1.18525,-1.83105e-07,0,0,1
359,2023-11-13 17:10:02,11549,-15.1749,-58.7802,-1.18525,-1.83105e-07,0,0,1
360,2023-11-13 17:10:40,11550,-15.1753,-59.7201,-1.18525,-1.83105e-07,0,0,1
361,2023-11-13 17:10:47,11551,-15.1753,-59.7201,-1.18525,-1.83105e-07,0,0,1
362,2023-11-13 17:11:51,11552,-15.1744,-57.527,-1.18487,-1.83105e-07,0,0,1
363,2023-11-13 17:11:58,11553,-15.1744,-57.527,-1.18487,-1.83105e-07,0,0,1
364,2023-11-13 17:12:12,11554,-15.1734,-55.3338,-1.18487,-1.83105e-07,0,0,1
365,2023-11-13 17:12:19,11555,-15.1734,-55.0205,-1.18487,-1.83105e-07,0,0,1
366,2023-11-13 17:12:32,11556,-15.1724,-53.4539,-1.18487,-1.83105e-07,0,0,1
367,2023-11-13 17:12:39,11557,-15.1724,-52.8273,-1.18487,-1.83105e-07,0,0,1
368,2023-11-13 18:20:13,11558,-15.1734,-54.3939,-1.18564,-1.83105e-07,0,0,1
369,2023-11-13 18:20:20,11559,-15.1734,-54.3939,-1.18525,-1.83105e-07,0,0,1
370,2023-11-13 18:20:34,11560,-15.1743,-56.587,-1.18525,-1.83105e-07,0,0,1
371,2023-11-13 18:20:41,11561,-15.1743,-56.587,-1.18525,-1.83105e-07,0,0,1
372,2023-11-13 18:21:04,11562,-15.1753,-58.4669,-1.18525,-1.83105e-07,0,0,1
373,2023-11-13 18:21:11,11563,-15.1753,-58.4669,-1.18525,-1.83105e-07,0,0,1
374,2023-11-13 18:21:30,11564,-15.1762,-59.7201,-1.18525,-1.83105e-07,0,0,1
375,2023-11-13 18:21:37,11565,-15.1762,-59.7201,-1.18525,-1.83105e-07,0,0,1
376,2023-11-13 18:21:50,11566,-15.1772,-59.0935,-1.18525,-1.83105e-07,0,0,1
377,2023-11-13 18:21:57,11567,-15.1772,-59.0935,-1.18525,-1.83105e-07,0,0,1
378,2023-11-13 18:22:25,11568,-15.1781,-58.7802,-1.18525,-1.83105e-07,0,0,1
379,2023-11-13 18:22:32,11569,-15.1781,-58.7802,-1.18525,-1.83105e-07,0,0,1
380,2023-11-13 18:23:30,11570,-15.1772,-56.9003,-1.18525,-1.83105e-07,0,0,1
381,2023-11-13 18:23:37,11571,-15.1772,-56.587,-1.18525,-1.83105e-07,0,0,1
382,2023-11-13 18:23:50,11572,-15.1762,-54.3939,-1.18525,-1.83105e-07,0,0,1
383,2023-11-13 18:23:57,11573,-15.1762,-54.3939,-1.18525,-1.83105e-07,0,0,1
384,2023-11-13 18:24:19,11574,-15.1752,-51.8874,-1.18525,-1.83105e-07,0,0,1
385,2023-11-13 18:24:26,11575,-15.1752,-52.2007,-1.18525,-1.83105e-07,0,0,1
386,2023-11-13 18:24:47,11576,-15.1743,-50.0075,-1.18525,-1.83105e-07,0,0,1
387,2023-11-13 18:24:54,11577,-15.1743,-49.6942,-1.18525,-1.83105e-07,0,0,1
388,2023-11-14 05:43:07,11578,-15.1733,-47.501,-1.18411,-1.83105e-07,0,0,1
389,2023-11-14 05:43:14,11579,-15.1733,-47.8143,-1.18411,-1.83105e-07,0,0,1
390,2023-11-14 05:43:43,11580,-15.1723,-45.9345,-1.18373,-1.83105e-07,0,0,1
391,2023-11-14 05:43:50,11581,-15.1723,-45.3079,-1.18373,-1.83105e-07,0,0,1
392,2023-11-14 05:44:18,11582,-15.1704,-41.2348,-1.18373,-1.83105e-07,0,0,1
393,2023-11-14 05:44:25,11583,-15.1704,-40.9215,-1.18373,-1.83105e-07,0,0,1
394,2023-11-14 05:44:46,11584,-15.1684,-36.5352,-1.18373,-1.83105e-07,0,0,1
395,2023-11-14 05:44:53,11585,-15.1684,-36.2219,-1.18373,-1.83105e-07,0,0,1
396,2023-11-14 05:45:12,11586,-15.1664,-31.8355,-1.18373,-1.83105e-07,0,0,1
397,2023-11-14 05:45:19,11587,-15.1664,-31.8355,-1.18373,-1.83105e-07,0,0,1
398,2023-11-14 05:45:36,11588,-15.1644,-27.4492,-1.18373,-1.83105e-07,0,0,1
399,2023-11-14 05:45:43,11589,-15.1644,-27.7625,-1.18373,-1.83105e-07,0,0,1
400,2023-11-14 05:46:03,11590,-15.1624,-23.0629,-1.18373,-1.83105e-07,0,0,1
401,2023-11-14 05:46:10,11591,-15.1624,-22.7495,-1.18373,-1.83105e-07,0,0,1
402,2023-11-14 05:46:31,11592,-15.1605,-18.6765,-1.18373,-1.83105e-07,0,0,1
403,2023-11-14 05:46:38,11593,-15.1605,-18.6765,-1.18373,-1.83105e-07,0,0,1
404,2023-11-14 05:46:57,11594,-15.1585,-14.2902,-1.18373,-1.83105e-07,0,0,1
405,2023-11-14 05:47:04,11595,-15.1585,-14.2902,-1.18373,-1.83105e-07,0,0,1
406,2023-11-14 05:47:40,11596,-15.1565,-10.8438,-1.18373,-1.83105e-07,0,0,1
407,2023-11-14 05:47:47,11597,-15.1565,-10.8438,-1.18373,-1.83105e-07,0,0,1
408,2023-11-14 05:48:04,11598,-15.1545,-6.77074,-1.18373,-1.83105e-07,0,0,1
409,2023-11-14 05:48:11,11599,-15.1545,-7.08405,-1.18373,-1.83105e-07,0,0,1
410,2023-11-14 05:48:46,11600,-15.1536,-5.20419,-1.18373,-1.83105e-07,0,0,1
411,2023-11-14 05:48:53,11601,-15.1536,-5.20419,-1.18373,-1.83105e-07,0,0,1
412,2023-11-14 05:49:11,11602,-15.1526,-3.32433,-1.18373,-1.83105e-07,0,0,1
413,2023-11-14 05:49:18,11603,-15.1526,-3.63764,-1.18373,-1.83105e-07,0,0,1
